"keyword","item_cnt"
Legal Methodology,8152
Informed Consent,4172
European Law,4001
Privacy,2915
Constitutional Courts,2880
Human Rights,2866
Legal History,2755
Criminal Law,2525
Participation,2394
Company Governance,2092
Governance,2042
Corporate Criminal Liability,2031
European Legal Systems,1773
Digital Rights,1618
Criminal Justice,1596
Migration Law,1587
Patient Rights,1581
European Company Law,1506
Financial Analysis,1416
Gender,1377
Corporate Law Arbitrage,1373
Literaturkritik,1366
Privacy Regulations,1342
Youth Offenders,1339
Kultur,1276
Regulatory Agencies,1215
Unfair Trading Practices,1175
Digitalization,1132
Legal Reforms,1104
Physician Liability,1094
Healthcare Law,1082
Policy Change,1012
Autorschaft,1007
Ästhetik,950
Bildung,943
EU Competition Law,891
Robotics Liability,868
Legal Systems,797
Poetik,792
Constitutional Law,791
European Private Law,714
Investment Decisions,662
Bioethics,661
Contract Law,607
Psychiatric Evaluation,600
Bargaining Power,556
Choice of Law,517
Medieval Literature,494
Data Protection,463
Digital Markets Act,459
Leadership,434
Digital Governance,421
Cross-Border Litigation,412
Corporate Taxation,388
Private International Law,370
Antitrust Regulation,370
Legal Harmonization,353
Corporate Mobility,343
Sustainability,329
EU Integration,318
Historical Narratives,303
International Law,288
Discourse Analysis,266
European Integration,249
Policing,246
Worker Participation,243
Public Administration,238
Late Antiquity,237
Human Rights Violations,236
Jurisdiction Agreements,236
Legal Ethics,233
Church-State Relations,232
Family Law,232
Social History,229
Reformation,227
Archaeology,227
Directive Harmonization,215
Renewable Energy,211
European Arrest Warrant,210
Medical Ethics,207
Regulatory Competition,205
Gedächtnis,204
Mathematical Modeling,202
Quality,198
Thermal Management,198
Workplace Governance,186
Unfair Commercial Practices,177
Church History,175
Identity,170
Constitutionalism,165
Corporate Tax,165
Cross-Border Taxation,165
Accrual Accounting,160
Party Competition,160
Middle Ages,158
Data Collection,157
Regulations,152
Judicial Cooperation,150
Nazi Propaganda,147
European Stability Mechanism,143
Theology,143
Genetic Testing,141
Succession Regulation,141
EU Law,141
Literary Discourse,136
Medical Evaluation,136
Transnational Legal Pluralism,136
Greek Literature,133
Legal Education,130
Communication Practices,128
Insolvency Proceedings,128
Copyright Protection,127
Historical Texts,124
Directive on Consumer Rights,123
Reproductive Medicine,122
Freedom of Establishment,119
International Taxation,115
Security Measures,115
Regulatory Framework,114
Liber Pontificalis,113
Legal Transplants,109
Ancient Poetry,107
Surveillance Law,106
Prosecutorial Misconduct,106
Intergenerational Justice,104
Family Caregiving,102
E-Commerce,102
Praxis,99
Diplomacy,99
Environmental Sustainability,96
Terrorism Legislation,93
Cross-border Mergers,92
Horst,92
Consumer Protection,90
Data Privacy,89
Supply Chain Controlling,88
Religious Practices,87
Text Linguistics,87
Religious Education,86
Occupation,86
Comparative Philology,86
International Humanitarian Law,85
Comparative Law,84
Revolutionary Historiography,83
Conflict of Laws,83
International Criminal Law,81
SE (Societas Europaea),80
Artificial Intelligences,80
Rehabilitation,80
Business Models,80
Security,79
Manuscripts,78
Bildungsbeteiligung,76
Legal Analysis,75
Work Reintegration,75
Construction,74
Digital Transformation,74
Fundamental Rights,73
Cross-border Insolvency,72
ECHR,71
Tax Avoidance,71
Technology Innovation,70
Canon Law,69
Harmonization,68
Interreligious Relations,68
Lexicography,67
Language Variation,67
Cultural Analysis,67
Customer Retention Management,67
Arts,67
Arbitration,66
Holocaust Literature,66
Monetary Policy Instruments,66
Museums,65
Materiality,65
Financial Reporting,64
Autonomous Vehicles,62
Mediation,62
Historical Phonology,62
Intellectual History,62
Monetary Targeting,62
Gift-giving,62
Stuttgart,61
Corona (planetary geology),61
Transfer Pricing,60
Derecho,59
Church Buildings,59
Historiography,58
Linguistics,58
Legal Cultures,58
Byzantine Philosophy,58
Literature,58
Canon,57
Privacy Concerns,57
Customer Experience,57
Theological Questions,56
"2019-20 coronavirus outbreak",56
Democracy,56
Phraseology,55
Canon law,55
Maritime Law,55
Bildungsentscheidungen,54
Ethical Theory,54
International Relations,52
Liability,52
Prison System,51
Social Movements,51
EU citizenship,51
Exclusionary Rule,51
Cultural History,51
Parental Discretion,51
Religious Law,50
Copyright Law,50
Rituals,49
Polish history,49
Neo-liberalism,49
coordination of benefits,49
East German Memory,48
Online Dispute Resolution,48
Self-Efficacy,48
Coaching,48
Customer Relationship Management,48
Literature Analysis,48
Medieval Economic Thought,47
Complex Systems,47
ExpertInneninterviews,47
Seclusion and Restraint,46
Shipping Regulations,46
Royal Succession,46
Debtor-in-possession Financing,46
Verbraucherpolitik,46
Ethical Consumption,45
Mutual Recognition,45
Qualitative Inhaltsanalyse,45
Religious Interpretation,45
Political Power,44
Investment Treaty Arbitration,44
Medieval Architecture,44
Diplomatic Culture,44
Religious Power,43
Personality Match,43
Trade Contracts,43
History,43
Epistemic Practices,43
Classical Antiquity,43
Religious Policy,42
Labor Laws,42
Brussels Regulation,42
Code (set theory),41
Gender and Society,41
End-of-Life Care,41
Aging and Health Policy,41
Online Behavior,40
Soziale Praktiken,40
Relationships,40
Cost Effectiveness,40
Responsibility to Protect,40
Bankruptcy Law,39
Digital Media,39
Medieval Society,39
Workplace,38
Family Structures,38
Authorship,38
Constitutional court,38
Islamic Manuscripts,38
Visual Jurisprudence,38
Geographical Discourse Analysis,38
Legal Philosophy,38
Conservation,37
Drug Policy,37
Schulze method,37
Sustainable Development,37
Emotionalization,37
Insurance,36
Ancient Languages,36
Fiscal Consolidation,36
Standardization of Language,36
Critique,36
Reconfigurable Manufacturing Systems,36
Political Dynamics,36
Ethical Considerations,35
Privacy Rights,35
Identity Politics,35
Criminal Behavior,34
Legitimation,34
Sociolinguistics,34
Political Polarization,33
Etymology,33
Collaborative Federalism,32
Religious Influence,32
Cultural Studies,32
Legal Consciousness,32
Health Care Utilization,32
Telemedicine,32
Sexuality,31
Consumer Policy,31
Legal Semiotics,30
Freedom of Religion,30
Collective Bargaining,30
Corporate Governance,30
Mediendidaktik,30
Responsibility,30
Shareholder Value,30
Historical Preservation,30
Information Technology,30
Risk Governance,30
Patent Analysis,29
Direct Democracy,29
Globalization,29
Environmental Law,29
Tax Shelters,29
Carl Schmitt,29
Didactics,29
Property Rights,29
Stereotype Analysis,29
Anti-Discrimination,28
Medieval,28
Legislator,28
Interdisciplinary Collaboration,28
Organizational Change,28
Strategic Marketing,28
Equal Treatment,28
Age Discrimination,28
Philosophy,28
Political Theology,28
Islamic Religious Education,27
Early Modern Europe,27
Legal Interpretation,27
Epidemiological Study,27
Religious Controversy,27
Erg,27
asylum policy,27
Education,27
E-Learning,27
Ancient Law,26
Network Organization Management,26
International Economic Law,26
Psychosocial Aspects,26
Social Policy,26
Global Environmental Constitutionalism,26
Corporate Valuation,26
Mobile Health,26
Scholastic Thought,26
Legal Frameworks,25
Solidarity,25
Mental Health Law,25
Sustainable Consumption,25
Capital Market Regulation,25
Institutionalization,25
Competition Law,25
Teaching,25
Norm Conflicts,24
normative power,24
State Sovereignty,24
Workplace Flexibility,24
Kingdom,24
Judicial Review,24
Rome,24
Wealth Effects,24
Cross-Border Disputes,24
Teaching Methods,24
Class Struggle,24
Cash Flow Valuation,23
Business Ethics,23
Vibration Analysis,23
Postcolonial Theory,23
Historical Linguistics,23
Climate Change Litigation,23
Renewable Resources,23
Supervision,23
Environmental Taxation,23
Cultural Semiotics,23
Public Policy,22
Investment Behavior,22
Equality,22
Learning,22
Narrative Fiction,22
language and law,22
Norms of Protection,22
Letters of Credit,22
Scope (computer science),22
Soziale Herkunft,22
CD-ROM,22
Nationalism,22
Fiscal Policy,22
Aging Population,22
Adolescent Autonomy,22
Cultural Heritage,22
Big Data,21
Ethics of Courtroom Imagery,21
Social Media,21
Morality,21
EFTA Court,21
Ethics,21
Transnational Corporations,21
Exile Literature,21
Rights Expression Languages,20
Brexit,20
Semitic Languages,20
Affect and Emotion in Law,20
Polish nobility,20
Fides,20
Papyrus,20
Professional Development,20
Restitution,20
Ancient Theology,20
Economic Sanctions,20
Emperor,20
Constitutional Review,19
Physician Behavior,19
Fiduciary Duty,19
Garcia,19
Psychoanalysis,19
Honor,19
Medieval Christianity,19
Outcome Measurement,19
Social Change,19
Environmental Policy,19
Patent Citations,19
Trademark Law,19
Territorial Governance,19
Philosophical Anthropology,19
Demographic Changes,19
VAT Directives,18
Innovations,18
Nat,18
Financial Stability,18
Historical Sociology,18
Patient Autonomy,18
Behavioral Economics,18
Renewable Energy Integration,18
Demographic Transition,18
Consumerism,18
Cicero,18
Civil code,18
Prosecution Service,18
Structural Analysis,18
Employee Voice,17
Employee Engagement,17
Accountability,17
Religion,17
Digital Responsibility,17
Judicial Independence,17
Intersectionality,17
Ancien regime,17
ECB's Rescue Facility,17
Psychological Formulation,17
Architectural Design,17
Hanging Injuries,17
Roman Empire,17
Online Harassment,17
Medicolegal Analysis,17
Copyright,17
Regulatory Cooperation,17
Financial Regulation,16
WTO Dispute Settlement,16
Value (mathematics),16
Social Embeddedness,16
Infrastructure Maintenance,16
Rights of Nature,16
Civil Liability,16
Hate Speech,16
Energy Efficiency,16
Fragment (logic),16
Global Governance,16
Nostalgia,16
Cyber Security,16
Religious freedom,16
Sport Ethics,16
Media Regulation,16
Stab,16
Stakeholder Engagement,16
Socialism,16
Online Platforms,16
Empowerment,16
Institutional Change,16
Publication,16
Islamic Banking,16
Post-Growth Economy,15
Gender Studies,15
Christian-Jewish Relations,15
Legal history,15
Carbon Pricing,15
Housing Abandonment,15
oskar,15
Reinsurance,15
Investment (military),15
Constitutional Change,15
Logical Empiricism,15
Homicide-Suicide,15
Psychiatric Admission,15
Bildungsungleichheit,15
Lawyer Wellbeing,15
Economic Ethics,15
Non-Discrimination,15
Landscape Management,15
Settlements,15
Securitization,15
Value Chains,15
Bilateral Investment Treaties,15
Crime and Punishment,15
Historical Ecology,15
Children and Adolescents,15
Defamation,14
Epitome,14
Blockchain,14
Interoperable,14
Ethics Consultation,14
Capital Allocation,14
Opposition (politics),14
French Revolution,14
Hugo Grotius,14
Capital Flows,14
Social Security and Welfare Systems,14
Social Security,14
Detection,14
Collective Memory,14
Interfaith Dialogue,14
Possession (linguistics),14
Counter-Terrorism,14
Ancient Ethics,14
Taxation,14
Overlapping generations model,14
Aviation,14
Nordic Countries,14
Multiculturalism,13
Ethical Competence,13
Cultural Identity,13
Calvinism,13
European Nationalism,13
Visigothic,13
Patient Care,13
Stalking,13
Involuntary Hospitalization,13
Evaluation,13
Sovereign Debt Crisis,13
Chronometry,13
Fair and Equitable Treatment,13
Fair Use,13
Early Modern,13
New england,13
Neuroethics,13
Presidential prerogative,13
Price Discrimination,13
Principle of legality,13
Aristotle,13
Argument (complex analysis),13
Community-based Integrated Care,13
Macroeconomic Stability,13
Multilingualism,13
Babylonian,13
Digital Business Models,13
GDR,13
Risk Assessment,13
Legal Responsibility,13
George (robot),13
Humanitarianism,13
Home Treatment,13
Linguistic Historiography,13
Curating,13
Mediterranean Society,12
Organizational Innovation,12
Environmental Conflict Resolution,12
Political Philosophy,12
Interdisciplinarity,12
Market Value Added,12
Religious Fundamentalism,12
Member Participation,12
Legal Research,12
Post-mortem Imaging,12
Biblical Scholarship,12
Production Ramp-Up,12
Digital Forensics,12
Autopsy Validation,12
Directive,12
Transitional Justice,12
Welfare Systems,12
European Minorities,12
Gens,12
Contractual Law,12
Platform Economy,12
Trafficking,12
Death Certification,12
Energy Security,12
Internet of Things,12
Corporate Social Responsibility,12
Honour,12
Obligation,12
Relevance (law),12
International Trade Law,12
Moral Regulation,12
Ethical Lessons,11
Policy Making,11
Fintech,11
Umwelt,11
Geist,11
Refugees,11
Schengen Area,11
Corporation,11
Watson,11
Virtual Commissioning,11
Applied Linguistics,11
European Union,11
Sociological History,11
Hispania,11
Surveillance,11
Sociology,11
Climate Finance,11
Stern,11
Trade Marks,11
Eugenics,11
Coercive Measures,11
Punishment (psychology),11
Pornography Consumption,11
Equity (law),11
Independence (probability theory),11
Power Generation,11
Suicide,11
Incentives,11
European commission,11
Antique,11
Consensual Nonmonogamous Relationships,11
Dig,11
Economic Value Added,11
Court Practices,11
Legal culture,11
Polish minority,11
Constitutional government,11
Immigration,11
KATRIN,11
Byzantine-early Islamic Period,11
Organizational Economics,11
Omni-Channel Strategy,10
Separation of church and state,10
Trade Fraud,10
Malpractice Risk,10
Digital Social Innovation,10
Judicial Oversight,10
Digital Piracy,10
Adjudication,10
Anti-Doping Policy,10
Nordic Welfare States,10
Administrative Law,10
Ancient Judaism,10
Judaism and Christianity,10
Elderly Care,10
Eleventh,10
Textual Context,10
Socioeconomic Status,10
Observations,10
Memory,10
Chen,10
Offensive Language,10
Reign,10
Rights-Based Approach,10
democratic deficit,10
Human Rights in Art,10
Humanitarian Intervention,10
Kant,10
High Seas Governance,10
Internet Pornography,10
Ultra vires,10
Internet Regulation,10
Corruption in Sports,10
Holocaust,10
Abu dhabi,10
Cyberbullying,10
Animal Welfare,10
Heinz body,10
Suicidal Behavior,10
Section (typography),10
Scrutiny,10
Distributive Justice,10
Inorganic Clusters,10
Roman Economy,9
Capacity Evaluation,9
Exegesis,9
Clinical Legal Education,9
Transplantation,9
Platform Competition,9
Gender Equality,9
Dignity Therapy,9
Vesting,9
Archaeological Evidence,9
Novella,9
Dog Domestication,9
Archaeological Materials,9
State Responsibility,9
Resilience (materials science),9
Technology,9
Testamentary trust,9
sed,9
Procedural law,9
Bishops,9
Financial Performance,9
Advance Care Planning,9
Institution,9
Psychiatric Treatment,9
Financialization,9
Media Framing,9
Language Evolution,9
Participatory Governance,9
Digital Capital,9
Cross-disciplinary Studies,9
Religious Politics,9
Cross-Confessional,9
Monasticism,9
Central Bank Balance Sheets,9
Dementia Management,9
Weimar Republic,9
Siemens,9
Legal Rights,9
Litigation,9
Right-Wing Extremism,9
Phenomenon,9
Pflegeinnovationstechnologien,9
Physical Training,9
Legal Principles,9
Legal Pluralism,9
Design Protection,9
Housing,9
Patronage,9
Employer Resistance,9
Portrait,9
Innovation Theory,8
Heresy,8
Hermeticism,8
Link (geometry),8
Linguistic Annotation,8
LEVIATHAN (cipher),8
Law and Film,8
Language Teaching,8
Labor Markets,8
Labor Market Flexibility,8
Intellectual Property,8
Interdisciplinary Research,8
International Environmental Law,8
Investor-State Disputes,8
Internet Governance,8
Taser Use,8
Stipulation,8
War Crimes,8
Sociological Thought,8
Children's Rights,8
Viking Age,8
Settlement (finance),8
Zeitgeist,8
Compliance,8
Sander,8
Constitutional Rights,8
Corporate,8
Research,8
Antisemitism in Europe,8
Cyberstalking,8
Debt Enforcement,8
Reasoning,8
Deliberative Democracy,8
Archaeological Finds,8
Psychological Autopsy,8
Proportionality (law),8
Proportionality,8
Profiling (computer programming),8
Doping,8
DRM,8
Position (finance),8
Electricity Markets,8
Elite,8
Encyclopedia,8
Energiewende,8
Energy Transitions,8
Engineering,8
Pediatrics,8
Organ Donation,8
Nietzsche,8
Financial Innovation,8
Natural law,8
Modular Production,8
Model-Integrated Mechatronics,8
Banking,8
Global Capitalism,8
Worker Exploitation,8
Green Bonds,8
Machine Elements,8
Business judgment rule,7
Monarchy,7
Industrial Automation,7
Risk Factor Detection,7
Industrial Policy,7
Availability of Medicines,7
Flume,7
Fleischer,7
Treaties,7
equality directive,7
Early Christian Apologetics,7
Resilient Cities,7
Animal-Assisted Therapy,7
Labor Market Transformation,7
Railway Deregulation,7
Environmental Justice,7
Austerity Measures,7
Decree,7
European studies,7
Catastrophe Bonds,7
Nova (rocket),7
Exporting,7
Mandate,7
Catholic Social Thought,7
Discrimination,7
Sovereignty,7
Trial Procedures,7
Software Piracy,7
Judicial Efficiency,7
Deception,7
Socio-Legal Studies,7
Sustainable Behavior,7
Piracy,7
Intellectual Property Rights,7
Child Homicide,7
Quality of Dying,7
Representation (politics),7
Rigor mortis,7
Remedies,7
Plea Bargaining,7
Ninth,7
Ansatz,7
Succession Planning,7
Crusades,7
Usury,7
Gymnastics,7
Material Properties,7
Christian ministry,7
Max Weber,7
Social Justice,7
Teutonic Order,7
Social Innovation,7
Roman Thought,7
Global Patent Protection,7
Terrorism,7
Legal Theory,7
Psychological Testing,7
Member state,7
Psychological Torture,7
General Anti-Avoidance Rules (GAARs),7
Banking Crisis,7
Michel foucault,7
Gender and Migration,7
Digital Technologies in Nursing Care,7
Trade,7
Gas Chromatography-Mass Spectrometry,7
Sine,7
Migrations,7
Free Will,7
Feudalism,7
Minimally Invasive Autopsy,7
Torture,7
Erasmus+,7
Reproduction,7
Treatment Effectiveness,7
Tel aviv,7
Of Reformation,6
Excise Taxation,6
Offshoring,6
numismatics,6
Self-harm,6
Judgement,6
Inter-American Court,6
judicial legitimacy,6
Healthcare Workforce,6
Family Functioning,6
Network Neutrality,6
Karel,6
Innovation Policy,6
Financial Integration,6
Due diligence,6
Mores,6
Income Taxation,6
Public Engagement,6
Legal doctrine,6
Risk Management,6
Military Masculinity,6
Corrective Justice,6
Fuel Consumption,6
Fuel Taxes,6
Worker Precarity,6
Economic History,6
Economic Policy,6
Banking Regulations,6
Workplace-based Assessment,6
Corporate Lobbying,6
The Republic,6
Human Rights Act,6
Medieval Europe,6
Assessment Practices,6
Legal Translation,6
Roman Religion,6
Medication Adherence,6
Mediatization,6
Electricity Market Restructuring,6
Grammaticalization,6
Litigation Outcomes,6
Lying,6
Romanticism,6
Habermas,6
Police Interviews,6
Cross-Border Regions,6
Pluralism (philosophy),6
Cybercrime,6
Emotional Regulation,6
Decentralization,6
Social Theory,6
Ping (video games),6
End-of-Life Decisions,6
Counter-Piracy Operations,6
Antisemitism,6
Enforcement,6
Digital Learning,6
Youth Doping,6
State Aid,6
Vulnerability in Research,6
Urban Planning,6
Digital Sovereignty,6
Attachment,6
Papacy,6
Structural Health Monitoring,6
Pandemic,6
Diplomatic relations,6
Outsourcing,6
Organ Trafficking,6
American founding,6
Wife,6
Online Social Networks,6
Synod,6
Privacy and Confidentiality,6
Education and Training,5
Environmental Crimes,5
Choice of law,5
Peer-to-Peer Lending,5
Medicine Prices,5
Pedagogy,5
Environmental Impact Assessment,5
Political Communication,5
Trade Policy,5
Religious Identity,5
Ex parte,5
Online Gaming,5
Confession (law),5
Ton,5
Aid and Development,5
Urban Development,5
Neutrality,5
Capital Structure,5
Jurisprudence,5
Cultural Diversity,5
Stasi,5
De facto,5
Presumption,5
Internationalization,5
Pathological Gambling,5
Religious symbolism,5
Aesthetics,5
Brain Imaging,5
Patent Law,5
Vehicle Emissions,5
Argumentation,5
State Intervention,5
Renaissance Justice,5
Hebrew Scholarly Writings,5
Criminal procedure,5
Assurance Cases,5
International Carriage,5
Bystander Intervention,5
News Media,5
Colonialism,5
Sterilization,5
Cyber Warfare,5
Farm Animal Welfare,5
Christian-Muslim Relations,5
Social Memory,5
Stille reaction,5
Licensing,5
German as a Foreign Language,5
Analytic Philosophy,5
Treatment Refusals,5
Rhetoric,5
Cultural Turns,5
Translation,5
Dignity,5
Auctions,5
Composite Structures,5
Two-Sided Markets,5
Media and Communication,5
Union Revitalization,5
Turbine Technology,5
Vaccination Intention,5
Competition law,5
Medieval Theology,5
Darwinism in Economics,5
Grandparenting,5
Teacher Education,5
Democratic Crisis,5
Separation of Powers,5
Legal Technology,5
Conservation Criminology,5
Employability Management,5
Decent Work,5
Practice Recommendations,5
Gender Differences,5
Social Structure,5
Postwar Germany,5
Democratic Theory,5
Basic law,5
Non-suicidal Self-injury,5
Information Disclosure,5
Humanities,5
Narratives,5
Development Policies,5
ILO Declaration,5
Interbank Market,5
Liturgy,5
Flexible Automation,5
Language Studies,5
Fluid Dynamics,5
Psychopathy,5
Rule of law,5
Digital Communication,5
Thomas Hobbes,5
Multinational Enterprises,5
Delinquency,5
Industrial Relations,5
Judicial Politics,5
Software Engineering,5
Finance,5
Grid Integration,5
Foreign Direct Investment,5
Semantic Changes,5
Unjust Enrichment,5
Polity,5
Adolescent Gambling,5
Research Participation,5
Doris (gastropod),5
Principate,5
Transportation,5
Additive Manufacturing,5
Energy Storage,5
Violence,5
Alias,5
Interrogation,5
Health Surveys,5
Pragmatism,5
Ideology Critique,5
Hazardous Materials Transportation,5
Historical Landscape Formation,5
Resilient Urban Transition,5
Citizen Participation,5
Prerogative,5
Surface Modification,5
Proximity and Innovation,5
Decolonization,5
Protest,5
Delegation,5
Environmental Impacts,4
Punitive damages,4
Sack,4
Maritime Archaeology,4
Archbishop,4
Youth Transitions,4
Tax Expenditures,4
Realm,4
Cuneiform,4
Cannabis Use,4
Canine Genetics,4
Patents,4
Athletes' Attitudes,4
Voluntary Action,4
Core Labour Standards,4
Oath,4
Data Forensics,4
Statistical Analysis,4
Internet,4
Exhibition,4
Business Cycle Synchronization,4
Democratic legitimacy,4
Credit Default Swaps,4
Paragraph,4
Water Quality Monitoring,4
Listing (finance),4
Stoicism,4
Online Communication,4
Alien Tort Statute,4
Authentication,4
Palliative Care,4
Subsidiarity,4
Inheritance,4
Regional Growth,4
Infrastructuring,4
Information Warfare,4
Lust,4
Ownership Structure,4
Nazi Era,4
Labour Rights,4
Post-Soviet Conflicts,4
Inheritance (genetic algorithm),4
Early Christianity,4
Public Health,4
Financial Crisis,4
Early Medieval,4
Bibliometric Analysis,4
Injustice,4
Muslimische Wohlfahrtspflege,4
Autonomy,4
Infanticide,4
Multimodality,4
multi-level,4
Kidney Transplantation,4
Broadband,4
Negligence Law,4
Serfdom,4
Creditor Protection,4
Mora,4
Monogamy,4
Settlor,4
Overuse of Medical Services,4
Foundation (evidence),4
Race Hygiene,4
Income Inequality,4
Serbian,4
Sexual Differentiation,4
Victimization,4
Framing (construction),4
Mobile Telecommunications,4
World War II,4
Ecological Compensation,4
Mobile apps,4
Fifteenth,4
Adultery,4
Mobbing,4
Transaction Cost Theory,4
Brill,4
Ritter reaction,4
Septum secundum,4
Twin Pregnancy,4
Feud,4
Sex Work,4
Art Market,4
Augustine,4
Imperialism,4
Bailout,4
Military Intelligence,4
Competition,4
Collision Avoidance,4
Regulatory Challenges,4
Psychophysiological Measures,4
Economic Democracy,4
Polyamory,4
Funk,4
Net (polyhedron),4
Image Forgery Detection,4
Berm,4
Schools,4
IEEE 802.11,4
Directive 2013/34/EU,4
Sine qua non,4
Covenant,4
Tern,4
Network Selection,4
Gender Identity,4
Driver Assistance Systems,4
Credibility Assessment,4
Art and Architecture,4
Generations,4
Mesopotamia,4
Legal Mobilization,4
Asphyxial Deaths,4
Ethnolinguistics,4
Genocide,4
Legal pluralism,4
Hyperlink,4
Geopolitics,4
Verstehen,4
Political Economy,4
Legal Studies,4
Medieval Urban Society,4
Social Dynamics,4
Sustainability in Declining Cities,4
Theater,4
Ethos,4
IP Mobility,4
Territorial Politics,4
Turnaround Strategies,4
Ambivalence,4
legislative drafting,4
Fault Tree Analysis,4
Disaster Response,4
Credit Spread Changes,4
Testamentary Freedom,4
Welsh literature,4
Church history,4
Debtor,4
Borough,4
Linguistic Borrowing,4
Hittite,4
Border Cooperation,4
Welfare State,4
History of English,4
NGOs,4
Linguistic Diversity,4
EU Immigration,4
Bond Pricing,4
Historical Analysis,4
INT,4
Historical Libraries,4
Dictatorship,4
Healthcare Evaluation,4
Historical Landscapes,4
Martin luther,4
International Labour Organization,4
Youth,4
Market Power,4
Historical Imagery,4
Family Firms,4
Adolescent Exposure,4
Self-Defense,4
Integration,4
Religious Revival,4
Cultural Discourses,4
Emission Factors,4
Authorship Studies,4
Association (psychology),4
Diener,4
Cultural Policy,4
Unification,4
Plato,4
Architectural Evolution,4
Criminal code,4
Psychodrama,4
Cultural Sustainability,4
Social Procurement,4
Unruh effect,4
Violent Recidivism,4
Social Rights,4
Plant Protection Products,4
Employee Ownership,4
Employment Status,4
Society,4
Regional Organizations,4
CONQUEST,4
Cognitive Grammar,4
Phishing,4
Manus,4
Energy law,4
Rule of Law,4
Philosophical Reflection,4
Ruler,4
Spatial Economics,4
Security Architecture,4
Spinoza,4
Italian Renaissance,4
English law,4
Islamic reform,4
Persona,4
Performance Measurement,4
Castle Construction,4
Islamic History,4
Digital Labor Platforms,4
International Cooperation,3
Credit Risk Assessment,3
United Nations,3
Curriculum Development,3
Bar (unit),3
Credit,3
Customer Relationship,3
Crash Prediction Models,3
Research Infrastructures,3
Cyberwarfare,3
Addendum,3
Data Mining,3
Universal jurisdiction,3
Cosmopolitanism,3
Refugee law,3
Reflexivity,3
Referent,3
Corpus Linguistics,3
Resource Description and Access,3
Youth Social Withdrawal,3
"1960s",3
Declaration,3
Ukrainian,3
Rank (graph theory),3
Responsibility to protect,3
Ukraine,3
Defense Spending,3
Delict,3
Pure land,3
Ridesharing,3
Cooperatives,3
Contradiction,3
Public–private partnership,3
Upload,3
Deportation,3
Public order,3
Public Finance,3
CONTEST,3
Dermoscopy,3
Robotic Process Automation,3
Consumer Adoption,3
TUTOR,3
Developing Countries,3
Arab nationalism,3
Romanization,3
Basis (linear algebra),3
Constitutionalization,3
Constitutionality,3
Rothschild,3
Rubric,3
Conformity,3
Conflict Management,3
Proxy (statistics),3
Rural Landscapes,3
Digital Journalism,3
sanctions,3
Digital Preservation,3
Schema (genetic algorithms),3
Urban Driving,3
Schism,3
Margin (machine learning),3
Digitization,3
Prologue,3
Turkic,3
Competence Modeling,3
Professionalism Dilemmas,3
Secession,3
Professionalism,3
Secularism,3
Commonwealth,3
Vegetation,3
Problem-solving Competence,3
Combatants,3
Security Protocols,3
Administrative court,3
Accession,3
Divination,3
Trust in Vaccination,3
Divorce,3
Preventive War,3
Triage,3
Aromatic Compounds,3
Doping Prevalence,3
Preliminary ruling,3
Marburg virus,3
Pregnancy,3
Cockle,3
Duchy,3
Dynamic Ride-Sharing,3
Early Islamic Transition,3
Vessel Traffic,3
CMR Convention,3
Clinical Guidelines,3
Airline Alliances,3
Ecological Economics,3
Ecological Harm,3
Hfr cell,3
Clearing,3
Shareholder value,3
Pooling,3
Sharing Economy,3
Singapore,3
Skepticism,3
Slavery,3
Small Business Lending,3
Snowboarding,3
Social Construction,3
Political Ideologies,3
Political Connections,3
Asset-Based Welfare,3
Social Inequality,3
Socialist Feminism,3
Electric Vehicles,3
Christianity,3
Chorus,3
Emigration,3
Emission Inventory Guidebook,3
Plea,3
Platform Workers,3
China-Africa Relations,3
Assyrian,3
Social Sciences,3
Charging Infrastructure,3
Socio-Spatial Disparities,3
Software Development,3
Ceremonial,3
Philosophy of Science,3
Center (category theory),3
Space Policy,3
Manu,3
Perinatal Outcomes,3
Entitlement (fair division),3
Entrepreneurship,3
Penal System,3
Hermeneutics,3
Environmental Influences,3
Peacekeeping,3
Cardiovascular Risk Assessment,3
Peace-building,3
Pauli exclusion principle,3
Cardiac Effects,3
Environmental Permitting,3
Capitalism,3
Patient Dignity,3
Capital (architecture),3
State of Exception,3
Pascal (unit),3
Byzantium,3
Equity,3
Stewardship (theology),3
Adoption,3
Escrow,3
Pandemics,3
Ethical Challenges,3
Stock (firearms),3
Subject-matter jurisdiction,3
Worker Rights,3
Panama,3
Subordination (linguistics),3
Suburbanization,3
Successor cardinal,3
Bridge Engineering,3
Supply Chain Management,3
Supreme Court,3
Traffic Safety,3
Ethnografisches Schreiben,3
EU agriculture,3
Openness to experience,3
Boss,3
Blood Transfusion,3
Blood Groups,3
Systemic Risk,3
TARGET2 Balances,3
Online Freelancing,3
Black box,3
European Immigration,3
Intersex Disorders,3
Europeanisation,3
Biosphere Reserves,3
Intimate Partner Violence,3
Internet service provider,3
Investment Strategies,3
European Union Law,3
International Trade,3
Taxonomy,3
Austerity,3
Online Advertising,3
Internationalism,3
Off-Label Drug Use,3
OECD Guidelines,3
IRIS (biosensor),3
International Courts,3
Regulatory Influence,3
Irrational number,3
Explication,3
Italy,3
Judicial Bias,3
Bilingualism,3
Normativity,3
Normative Critique,3
Intellectual Movements,3
Non canonical,3
Faith-Based Organizations,3
Trade Liberalization,3
Integrated Care,3
Neurology,3
Automation,3
Justiciability,3
Neuroenhancement,3
Juvenile Justice,3
Neural Correlates,3
Federal jurisdiction,3
Inquisition,3
Toxicological Assessment,3
Net asset value,3
Kantian Ethics,3
Hellenistic Philosophy,3
Neologisms,3
File Sharing,3
Negotiable instrument,3
Male Circumcision,3
Natural Philosophy,3
Knowledge Sharing,3
Natural Language Processing,3
Nation-Building,3
National Minorities,3
Labor Theory of Value,3
Fiscal Aid,3
Lameness in Animals,3
Language Acquisition,3
Technology Development,3
Narration,3
Laptop,3
Indo-European,3
Lawmaking,3
Law of war,3
Fossil Fuel Subsidies,3
Fourth Amendment,3
Hellenistic Period,3
Mod,3
Mobile IP,3
Telos,3
Mobile DRM,3
Imprisonment,3
Minority Rights,3
Minor (academic),3
Miller,3
French Liberalism,3
Topos theory,3
Youth Extremism,3
Legal Evidence,3
Temporal Experience,3
Migrant Health,3
Immigrant Entrepreneurship,3
Gamer Identity,3
Temporary Employment,3
Identity Theft,3
Microsoft Office,3
Theobald,3
Miami,3
Metaphysics,3
ICU Care,3
Gene Editing,3
Absolute monarchy,3
Merkel cell,3
Legal Personhood,3
Mental Health Care,3
Bereavement,3
Legal practice,3
Beneficiary,3
Human settlement,3
Medieval Trade,3
Benchmark (surveying),3
Human-Animal Bond,3
Hospitality,3
Global Justice,3
Lexical Influence,3
Globe,3
Medical Imaging,3
Homicide,3
Homeschooling,3
Göran,3
Gospel Translation,3
Graffiti,3
Tiger,3
Linguistic Reform,3
Mathematical Information Retrieval,3
Materiality of Texts,3
Third-Party Logistics,3
Mass Communication,3
Market Structure,3
Market Efficiency,3
Crowdfunding,3
Cross-linguistic Analysis,3
Cross-Border Mobility,3
Criticism,3
Cultural Encounter,3
Critical edition,3
Crisis Management,3
Criminal Trials,3
Cultural Integration,3
Criminal Poisoning,3
Unintentional Injuries,3
Annulment,3
Criminality,3
Representation,3
Realpolitik,2
Absolute (philosophy),2
Accident (philosophy),2
Accident Prevention,2
Ackermann function,2
Administration of justice,2
Adulthood,2
Adverse Drug Reactions,2
Afghanistan,2
Agency Relationships,2
Agility,2
Agreement,2
agricultural subsidies,2
Aircraft Scheduling,2
Alma mater,2
Alpine Skiing,2
Altar,2
Ancient Egypt,2
Ancient Harbours,2
Ancient Magic,2
Ancient Mathematicians,2
Anglo saxon,2
Animal Abuse,2
Animal Trials,2
Apathy,2
Aquinas,2
Archaeology of Agriculture,2
Architectural Symbolism,2
Archival Activism,2
Art Theory,2
Aside,2
Asset Pricing,2
Assisted Reproductive Technology,2
Astrology,2
Attack Graphs,2
Audio Storytelling,2
Bach,2
Ball (mathematics),2
Baltic sea,2
Band 3,2
Banking Sector,2
Banking Union,2
Barbarian,2
Battery Management Systems,2
Battery Technology,2
Battlefield,2
Bioanalytical Methods,2
Blueprint,2
Booster (rocketry),2
Brand Performance,2
Bronze,2
Bruch's membrane,2
Building Information Modeling,2
Burden of proof,2
Bureaucracy,2
Business Process,2
Cadastre,2
Campaign Contributions,2
Canine,2
Cantigas de Santa Maria,2
Capital Accumulation,2
Captive Animals,2
Captivity,2
Casebook,2
Channel Modeling,2
China,2
Choir,2
Citizenship,2
Civil Engineering,2
Civil Rights,2
Clan,2
Climate Justice,2
Climate protection,2
Clinical Decision Support,2
Clothing,2
Cloud Computing,2
Coastal Zone Management,2
Cognitive Enhancement,2
Cognitive Processes,2
Collaboration,2
Collaborative Manufacturing,2
Collation,2
Collective action,2
Colonial Society,2
Coma (optics),2
Commons and Environmental Regulation,2
Comparative Literature,2
Compendium,2
Compensation,2
Competency Assessment,2
Competitive Balance,2
Complaint,2
Complicity,2
Compromise,2
Compulsive Sexual Behavior,2
Conceptus,2
Conciliation,2
Concussion,2
Conditionality,2
Conducted Electrical Weapons,2
Conformance Checking,2
Conscious Awareness,2
Consolidation (business),2
Constitutive Modeling,2
Consumption (sociology),2
Content (measure theory),2
Contracts,2
Control Strategies,2
Cornerstone,2
Coronation,2
Corporate Biodiversity Accountability,2
Corporate Ethics,2
Corruption,2
Cosmetic Surgery,2
Cost-effectiveness Analysis,2
Counter terrorism,2
Court Decisions,2
Credit Ratings,2
Crime,2
Criminalization,2
Criminal jurisdiction,2
Criminal liability,2
Cryptanalysis,2
Cultural Context,2
Cultural Memory,2
Cultural Practices,2
Cultural Sociology,2
Curriculum,2
Curry,2
Customer Behavior,2
Cyberpsychology,2
Dark Web,2
Data retention,2
Data Warehousing,2
Dead end,2
Deed,2
Default Risk,2
Democratization,2
Denial of Pregnancy,2
Dependability Engineering,2
Detonation-to-Deflagration Transition,2
Development,2
Deviance (statistics),2
Diagnosis,2
Diagnostic Errors,2
Dialectic,2
Diaspora Entrepreneurship,2
Dictionaries,2
Digital Marketing,2
Digital Photography,2
Diplomatic Studies,2
Dipper,2
Disinfection,2
Dissociation,2
Distributed Storage,2
Divergence (linguistics),2
Diversity,2
Diversity Governance,2
Dividend Policy,2
Divine Providence,2
Document Reconstruction,2
Do no harm,2
Donor Management,2
Dowry,2
Driver Behavior,2
Driver Distraction,2
Drug Development,2
Drug Pricing,2
Early Republic,2
Ecology,2
Economic Impacts,2
Economic rent,2
Ecosystem Functioning,2
Editor in chief,2
Efficiency,2
eHealth,2
Electronic Properties,2
Emergency Preparedness,2
Emissions,2
Emotional Abuse,2
Empirical Ethics,2
Empirical research,2
Employment,2
Endurance Training,2
Energy Resilience,2
Enforcement Strategies,2
Environmental Participation,2
Epicureanism,2
Equine Behaviour,2
Escher,2
Estonian,2
Ethical Climate,2
Ethical Codes,2
Ethical Dilemmas,2
Ethical Issues,2
Ethnic,2
Ethnic Minority Business,2
EU Enlargement,2
Evidence Law,2
Evidential Arguments,2
Evolutionary Economics,2
Excellence,2
Exchange Rate Regimes,2
Exclusive economic zone,2
Expression (computer science),2
Expropriation,2
Falcon,2
False accusation,2
Family Support,2
FAUST,2
Federal court,2
Feminism,2
Feminist Crime Fiction,2
Fictionality,2
Financial Constraints,2
Fiscal Decentralization,2
Flexibility in Workflows,2
Food Classification,2
Force majeure,2
Forensic Pathology,2
Freedom of Expression,2
Free movement,2
Friction Reduction,2
Frost (temperature),2
Functional Foods,2
Game Culture,2
Geiger counter,2
Gender discrimination,2
Gender Mainstreaming,2
Gender Stereotyping,2
Generation Management,2
Geoengineering,2
Global Sourcing,2
Global Treatment Budgets,2
Good Administration,2
Gray (unit),2
Greeks,2
Green Procurement,2
Guantanamo,2
Guardian,2
Habitus,2
Hammer,2
Harassment,2
Hardware-in-the-Loop,2
Hate crime,2
Healthcare Ethics,2
Hebrew,2
Hebrew Bible,2
Herbal Medicines,2
Hiring,2
Historical Diplomacy,2
Historical Institutions,2
Historical Maps,2
Hofmeister series,2
Holy See,2
Homosexuality,2
Horse Nutrition,2
Hospital Preparedness,2
Hotspot (geology),2
Human Dignity,2
Human Inborn Errors,2
Humanism,2
Hydrodynamic Lubrication,2
Icelandic,2
Identification (biology),2
Ignorance,2
Immediacy,2
Immunization Coverage,2
Incarceration Effects,2
Inclusion–exclusion principle,2
Inclusive Education,2
Incoterms,2
Infant Crying,2
Infimum and supremum,2
Inflammation,2
Information Retrieval System,2
Information Security,2
Infrastructure Inspection,2
Institutional Investors,2
Integrated Marketing Communication,2
Interactive Exhibits,2
Interdiction,2
Interest Groups,2
Interim,2
International community,2
International Intervention,2
International Migration,2
International peace,2
International security,2
International Space Law,2
Interpolation (computer graphics),2
Interregnum,2
Intuition,2
Investment protection,2
Isolation (microbiology),2
Jeremy bentham,2
Jewish identity,2
Journalism Culture,2
Judicial interpretation,2
Judicial opinion,2
Judicial Process,2
Judicial Systems,2
Jus ad bellum,2
Just War Theory,2
Kafka,2
Knowledge Engineering,2
Krüppel,2
Land Fragmentation,2
Landlord,2
Land Tenure,2
land-use change,2
land values,2
Lane Detection,2
Language,2
Language change,2
Language Learning,2
Law and Religion,2
Law library,2
Leak Detection,2
Leasehold estate,2
Legal certainty,2
Legal education,2
Legal Implications,2
Legal norm,2
Legal status,2
Liberal democracy,2
Lifestyle Migration,2
Lightweight Materials,2
Linum,2
Literary Tradition,2
Literary Translation,2
Living Wills,2
Locale (computer software),2
Location-Based Services,2
Macedonian,2
Machiavelli,2
Macroprudential Regulation,2
Magistrate,2
Maltreatment,2
Management Accounting,2
Manifesto,2
Margin of appreciation,2
Marine Genetic Resources,2
Maritime Security,2
Maritime Transport,2
Market Abuse Directive,2
Marketing,2
Materials Science,2
Mathematical Traditions,2
Maxim,2
Mediator,2
Medical History,2
Medieval history,2
Medieval Spain,2
Medieval Synagogue,2
Memorandum,2
Metallographic Study,2
Metal Recovery,2
Migration and Mission,2
Migration Background,2
Military Expenditure,2
Miscellany,2
Misconduct,2
Mobility as a Service,2
Model Fidelity,2
Model Predictive Control,2
Moisture Buffering,2
Moral Realism,2
Movie Revenues,2
Multinational Federations,2
Multinational Firms,2
Multiplex,2
Mura,2
Museum Studies,2
Muslim Identity,2
Napoleonic Wars,2
Natura 2000,2
Naturalisation,2
Naturalization,2
Networked Individualism,2
Neuroscience,2
Neuroscience and Psychoanalysis,2
Nonparametric Statistics,2
Nothing,2
Numerus clausus,2
Nutrient Content,2
Nutrition Labeling,2
Objectivity (philosophy),2
Officer,2
Ombudsman Institution,2
Online Branding,2
Online Communities,2
Online Fraud,2
Open Source Software,2
Opus,2
Original meaning,2
Ostalgie,2
Ownership,2
Palimpsest,2
Panorama,2
Parallel Computing,2
Parchment,2
Participative Evaluation,2
Patient Complaints,2
Patient Outcomes,2
Patriot Act,2
Pedagogical Conditions,2
Peer-to-Peer Accommodation,2
Penetrating Brain Injury,2
Penitential,2
Performative utterance,2
Person-Centered Medicine,2
Personhood,2
Perversion,2
Petri dish,2
Philosophy of Law,2
Phylogeny,2
Pig-to-Human Transplantation,2
Platelet Transfusion,2
Plenum space,2
Podcasting,2
Poetry,2
Political Islam,2
Political Science,2
Political Theory,2
Pollock,2
Popularity,2
Population Studies,2
Portugal,2
Post-Communist,2
Post-Socialist Urbanism,2
Precautionary principle,2
Predictive,2
Preparedness,2
Prestige,2
Presupposition,2
Prevalence,2
Prevention Strategies,2
Primary Prevention,2
Primer (cosmetics),2
Privacy Protection,2
Private rights,2
Product liability,2
Professional Responsibility,2
Prognostic Disclosure,2
Promulgation,2
Propaganda,2
Pro re nata,2
Proximity Labeling,2
Psychological,2
Psychological Impact,2
Psychological Interventions,2
Psychopharmacology,2
Public authority,2
Public Health Interventions,2
Public Opinion,2
Public Theology,2
Puma,2
Rab,2
Racial,2
Radiology,2
rationalization,2
Ravenna,2
Reasonable Doubt,2
Redaction,2
Redress,2
Reentry Challenges,2
Refugee Entrepreneurship,2
Refugee Law,2
Regioselective Synthesis,2
Regulatory Impact,2
Regulatory Requirements,2
Regulatory state,2
Religious Experience,2
Religious Syncretism,2
Remittances,2
Remuneration,2
Renaissance Florence,2
Resettlement,2
Resilience,2
Resizing,2
Res judicata,2
Resolver,2
Restorative Justice,2
Retirement Adjustment,2
Revocation,2
Right to die,2
Risk Factors,2
Risk Perception,2
Roaming,2
Rousseau,2
Rowan,2
Sacred Spaces,2
Sanction Effectiveness,2
Schmidt reaction,2
Schmitt trigger,2
Scholasticism,2
Science,2
Science Diplomacy,2
Scots,2
Secessionism,2
Secularization,2
Secure Multi-party Computation,2
Security Awareness,2
Security Council,2
Security Studies,2
Self defense,2
Semiotics,2
Sensu,2
Session Initiation Protocol (SIP),2
Sexual Assault Perpetration,2
Sexual Orientation,2
Shariah Supervision,2
Silence,2
Skiing,2
Skill Development,2
Slave Resistance,2
Slovak,2
Small Area Estimation,2
Smart Contracts,2
Social Attitudes,2
Social Perception,2
Social Responsibility,2
Socio-Economic Rights,2
Sociology of Translation,2
Sociopolitical Transformation,2
Socio-Technical Systems,2
Software Certification,2
Software Defect Prediction,2
Software Diversity,2
Software Maintenance,2
Solidification Modeling,2
Sonne,2
Source Code Analysis,2
Space Diplomacy,2
Space Technology Transfer,2
Spatial Planning,2
Spelling,2
Sponsorship Effects,2
Staff Perceptions,2
Standards of Proof,2
Start up,2
State responsibility,2
Statistical Modeling,2
Statutory interpretation,2
Stefan problem,2
Steiner tree problem,2
STELLA (programming language),2
Stem Cell Regulation,2
Stigma,2
Storytelling,2
Structural Adhesives,2
Suicide Bereavement,2
Supply Diversity,2
Support Needs,2
Surrender,2
Suspension (topology),2
Sustainability of Outer Space Activities,2
Sustainable Construction,2
Symbol (formal),2
Tax Compliance,2
Taxis,2
Technology Roadmapping,2
Telecommunications,2
Telemetry Monitoring,2
Text Mining,2
Textual Cohesion,2
Thermodynamics,2
Thermoregulation,2
Tire-Road Friction Estimation,2
Toleration,2
Tourism,2
Tourism and Migration,2
Trade Routes,2
Trade Unions,2
Traffic Accidents,2
Traffic Signs,2
Transdisciplinarity,2
Transfusion-related Acute Lung Injury,2
Transition to Low-Carbon Economy,2
transnational activism,2
Trauma Theory,2
Travelers' Diarrhea,2
Treasure,2
Treatment,2
Twitter,2
Ullmann reaction,2
Uncertainty Handling,2
UNCLOS,2
UNESCO World Heritage,2
United Nations Charter,2
Unjust enrichment,2
Unproven Therapies,2
Urban Geography,2
Urban Traffic,2
User Engagement,2
Vacant Land Management,2
Vichy Regime,2
Virtual Reality,2
Virtual Worlds,2
Virtue Ethics,2
Vision,2
Vocational Competencies,2
Wales,2
Water Resources Management,2
Watt,2
West germany,2
Wetland Mitigation,2
Whistleblowing,2
White (mutation),2
Wine Quality,2
Witch,2
Work Flexibility,2
Working Time Directive,2
Workplace Safety,2
Work Systems,2
Youth Homelessness,2
Zero (linguistics),2
Maternal Filicide,1
Mathematical Concepts,1
Mathematical Evolution,1
Green paper,1
Green IT,1
Tourism Growth,1
Mathematics of Music,1
Math Question Answering,1
Matter wave,1
Toxicity Assessment,1
Great Depression,1
Maya,1
Mealtime Behaviors,1
Mechanical Properties,1
Media,1
Graduate Record Examinations,1
Media Exposure,1
Government Policies,1
Gothic Art,1
Goodwill,1
Gold ore,1
Autonomous Vehicle Adoption,1
Medical Discoveries,1
Medical Error Analysis,1
Gnosticism,1
Gloss (optics),1
Medical Gases,1
Traceability,1
Glossary,1
Medical Interpreters,1
Medicalization,1
Medically Unexplained Symptoms,1
Global Water Resources,1
Medicinal Chemistry,1
Medicinal Properties,1
Medicine,1
Global Public Goods,1
Global public good,1
Global justice,1
Globalization of Space Activities,1
Globalisation,1
Global History,1
Global Genuine Progress,1
Global Cybersecurity,1
TRACE (psycholinguistics),1
Global Christianity,1
Germany,1
Automotive SPICE,1
Automotive Engineering,1
Germanic languages,1
German history,1
German government,1
Mediterranean Relations,1
Geotechnical Design,1
Megalithic Structures,1
Melanocyte,1
Melatonin,1
Melody,1
Geopositioning Accuracy,1
Geoarchaeology,1
Automated Web Service Discovery,1
Memoria,1
Genome Engineering,1
Memory Analysis,1
Genius,1
Geneva Conventions,1
Mental Illness,1
Mergers and acquisitions,1
Genetics,1
Generosity,1
Metacognition,1
Metal Ion-Imprinted Polymers,1
Autocracy,1
Authority,1
Gender politics,1
Method Validation,1
Gender Norms,1
Gender Equity,1
Microblogging,1
Microservices,1
Gender-based Violence,1
Microstructural Characterization,1
Gandhi,1
Migraine Prevention,1
Funerary Traditions,1
Migrant Organizations,1
Authoritarianism,1
Authenticated Encryption,1
Migration Control,1
Functional Safety,1
Fuel Chemistry,1
Military Education,1
Trade Regulations,1
Frontier,1
French Literature,1
Free Will Defense,1
Mimetic Theory,1
Free speech,1
Minimum Force Philosophy,1
Free/Libre Open Source Software,1
Free flow,1
Abbé,1
Winery Visits,1
Misdemeanor,1
Missionary Linguistics,1
Freedom of navigation,1
Mobile Agents,1
Freedom of contract,1
Freedom of association,1
Freedman,1
Franchising,1
France,1
Wine Yeasts,1
Frame of reference,1
Mode (computer interface),1
Traffic Assignment,1
Fragmented Objects,1
Auguste Comte,1
Moderation,1
Modern history,1
Modernism (music),1
Fractography,1
Traffic Management,1
FPGA-Based Emulation,1
Fourth Dimension,1
Monetary Policy,1
Forum shopping,1
Formulary,1
Money Laundering,1
Mongol Empire,1
Formality,1
Monster,1
Montenegro,1
Formalism (music),1
Moral economy,1
Forensic Toxicology,1
Moral philosophy,1
Auditing,1
Forensic Genetics,1
Moral theology,1
Foreclosure,1
Mount,1
Movie Critics,1
Wireless Computing,1
Multi-Criteria Analysis,1
Forced migration,1
Forced Labour,1
Forced Laborers,1
Food Sovereignty,1
Food Security,1
Audit Committee,1
Transatlantic Slave Trade,1
Multi-objective,1
Transboundary Water,1
Multiplex Genome Editing,1
Multi-touch,1
Multitude,1
Abandonment (legal),1
Museum Environments,1
Museum Learning,1
Food Loss,1
Transfer Path Analysis,1
Music,1
Music Criticism,1
Music Generation,1
Music Industry,1
Musicology,1
Audit committee,1
Folklore,1
Muslim Readings of Gospels,1
Flourishing,1
Mythology,1
Names,1
Namibia,1
Nap,1
Transformative learning,1
FLEX,1
Narrative Ethics,1
Flame Acceleration,1
Fiscal Risks,1
First Amendment,1
National Human Rights Institutions,1
Firmware,1
National library,1
Firm Performance,1
Firm Competitiveness,1
NATO,1
Wolff rearrangement,1
Transitional justice,1
Audience measurement,1
Firearm Violence,1
Financial Markets,1
Natural order,1
Financial Management,1
Natural Rights,1
Financial Liberalization,1
Financial Contracts,1
Near East,1
Fin,1
Film Industry,1
Neo-Aramaic Dialects,1
File Systems,1
Neoliberalism (international relations),1
File sharing,1
Neptune,1
Feminist Theory,1
Net neutrality,1
Feminist Legal Theory,1
Transition to Adulthood,1
Network Effects,1
Network Management,1
Network Marketing,1
Fell,1
Federal state,1
Federal republic,1
Network theory,1
Federalism,1
Neurocognitive Systems,1
Federal common law,1
Feature Extraction,1
Neurological Disorders,1
Fault Detection and Correction,1
Neuroprotection,1
Women's Rights,1
Attic,1
Fatherland,1
Fashion,1
New guinea,1
New horizons,1
New Right,1
Fascism,1
Family Support Policies,1
Family Education,1
Family and Community Involvement,1
Nitroaldol reaction,1
Noise Mitigation,1
Nomadic Societies,1
Nominalism,1
Nomination,1
Fairy Tales,1
Fair trial,1
Non-Formal Learning,1
Noninferiority Trials,1
Translational Research,1
Nonsense,1
NonStop,1
Factoring,1
Nonverbal Behavior,1
Fact-Checking,1
Facility Layout,1
Facial Rejuvenation,1
Extremism,1
Extraterritoriality,1
Extracorporeal Treatments,1
Externality,1
North Germanic languages,1
Norwegian,1
EXPOSE,1
Nostra Aetate,1
Translator Competence,1
Exportation,1
Explosion Characteristics,1
NOx Reduction,1
Nudge theory,1
Null (SQL),1
Numerical Solution,1
Transmission Planning,1
Experimentalism,1
Nuremberg trials,1
Nurse-Physician Collaboration,1
Advisory opinion,1
Nutrition,1
Nutritional Evaluation,1
Transnational Collaboration,1
Expansive,1
Obesity in Horses,1
Objectification,1
Asylum,1
Executor,1
Executive power,1
Executive order,1
Ocean Governance,1
Executive branch,1
Exclusive right,1
Transnational Entrepreneurship,1
Exclusive jurisdiction,1
Exclusionary rule,1
Exceptionalism,1
Ogden,1
Transnational Families,1
Omen,1
Ex-ante,1
One-Child Policy,1
Evolutionary View,1
Evasion (ethics),1
Transnational Law,1
Eusebian Apparatus,1
ASTRA,1
Euros,1
Transnational Networks,1
European community,1
Europe,1
Eurobond,1
Eurasian Exchange,1
EU legislation,1
Open government,1
Eucharist,1
Open science,1
Open source hardware,1
Assyria,1
Opportunism,1
Ethnomusicology,1
Artistic patronage,1
Oral Complications,1
Orality,1
Oral Manifestations,1
Ethnography,1
Organised crime,1
Ethnographic Research,1
Ethnic relations,1
Ethnic Minority,1
Ethnic Minorities,1
Oriented strand board,1
Transport Layer Security (TLS),1
Orthorectification,1
Ethnicity,1
Trauma,1
Ostracism,1
Ottoman empire,1
Ethnic Diversity,1
Outcomes,1
Ethnic Cleansing,1
Ethiopia,1
Ethics in Science,1
Advice (programming),1
Ethics committee,1
P,1
Pacific,1
Palaeography,1
Palette (painting),1
Traumatic Brain Injury,1
Ethical Implications,1
Ethical Guidelines,1
Ethical Decision Making,1
Pandemic Impact,1
Estate planning,1
Adverse Childhood Experiences,1
Esports,1
Papal infallibility,1
Eritrea,1
Ergonomics,1
Adult Education,1
Paraphrase,1
Treasury,1
Erasure Coding,1
Parental Mediation,1
Parenting Stress,1
Pareto efficiency,1
Equine Genetics,1
Artistic Expression,1
Participatory Art,1
Equal Protection Clause,1
Equality Act,1
party positions,1
Epoxy Binders,1
Epistemology,1
Epigenetic Remodeling,1
Epidemiology,1
Enzymatic Tagging,1
Paternalism,1
Environmental Valuation,1
Path Tracking,1
Pathway Implementation,1
Environmental Risks,1
Environmental Regulation,1
Aarhus Convention,1
Environmental Refugees,1
Patient Experience,1
Patient Monitoring,1
Artistic Exchange,1
Patient-Physician Language Concordance,1
Environmental quality,1
Articulation (sociology),1
Patriotism,1
Environmental Protection,1
Environmental Monitoring,1
Environmental Legislation,1
Environmental justice,1
Peacekeeping Operations,1
Peace treaty,1
Peasant,1
Treaty of Lisbon,1
Pedagogical History,1
Pedagogical Research,1
Environmental Governance,1
Pedestrian Behavior,1
Pedestrian Safety,1
Pediatric Formulations,1
Pediatric Pain,1
Environmental governance,1
Tree (set theory),1
Environmental Forces,1
Pejorative,1
Penal code,1
Environmental Ethics,1
Arnoldi iteration,1
Triage Criteria,1
Penny,1
Perfection,1
Environmental Benefits,1
Triage Systems,1
Peri,1
Enterprise Performance,1
Permission,1
Permission Analysis,1
Perpetuity,1
Enslaved Africans,1
Enlightenment,1
Personalization Paradox,1
Personal jurisdiction,1
Arms Trade,1
Tribe,1
Trigger Warnings,1
Pesticide Risk Assessment,1
Troubadours,1
Peyer's patch,1
Energy transition,1
Pharmaceutical Innovation,1
Pharmaceuticalization,1
Pharmacokinetic/Pharmacodynamic Modeling,1
Phenomenology,1
Energy supply,1
Energy Simulation,1
Energy security,1
Energy sector,1
Trust,1
Philosophy of Mathematics,1
Energy Modeling,1
Endowment,1
Photography,1
End-of-Life,1
Phylogenetic Analysis,1
Trusted Execution Environment,1
Endemism,1
Encyclopedism,1
Encephalopathy,1
Physician Participation,1
Physiological Monitoring,1
Physiology,1
Piety,1
Arms Control,1
Pika,1
Pillar,1
Enabling,1
Pinochet,1
Employment Relationship,1
Plage,1
Plant-Animal Interactions,1
Empirical legal studies,1
Trustworthiness,1
Empirical Analysis,1
empire and identity,1
Emotion Recognition,1
Emotional and Behavioral Problems,1
Emissions Trading,1
Eminent Domain,1
Armed conflict,1
Plug-in,1
Emerging technologies,1
Plurality,1
Pluripotent Stem Cells,1
Archipelago,1
Embryo Development,1
Turkish Literature,1
Police department,1
Emblem,1
Emancipation,1
Electronics,1
Policy Compliance,1
Policy Evaluation,1
Policy Implementation,1
Policy Instruments,1
Elder Mistreatment,1
Policy Responses,1
Elderly,1
Elasticity of Demand,1
Ekphrasis,1
Eider,1
Political Conflict,1
Effort-Reward Imbalance,1
Efficacy Evaluation,1
Effi,1
EEG Analysis,1
Political Institutions,1
Turkish republic,1
Political Participation,1
Educational Methods,1
Ecosystem Innovation,1
Economic partnership agreement,1
Political radicalism,1
Archaeoastronomy,1
Political theology,1
Economic Growth,1
Arab–Israeli conflict,1
Political transformations,1
Politics,1
Economic Evaluation,1
Arabic Bible Translations,1
Economic efficiency,1
Polygamy,1
Economic Crisis,1
Poor law,1
Workforce Agility,1
Popular sovereignty,1
Population Health,1
Population Pharmacokinetics,1
Aquatic Environment,1
Populism,1
E-commerce Transactions,1
Port Development,1
Port Efficiency,1
Portfolio Diversification,1
Ecological Wisdom,1
TypeScript,1
Positional Asphyxia,1
Ecological Protection,1
Positive law,1
Eco-efficiency,1
Post-Colonial Africa,1
Post-colonial Hong Kong,1
Earth Construction,1
Aqua regia,1
Early modern period,1
Post hoc,1
Post-hoc analysis,1
Early Medieval Churches,1
Appropriation,1
Dynamics (music),1
Dynamic Safety Analysis,1
Post-war Spain,1
Power,1
Dry Needling,1
drug use,1
Pragmatic Borrowing,1
Drug Development Costs,1
Praise,1
Dross,1
Precarious Employment,1
"3D Scanning",1
Precedent,1
Precept,1
Predestination,1
Predictability,1
Ultra-Processed Foods,1
Predictive analytics,1
Predictive Processes,1
Predictive Process Monitoring,1
Drone,1
Prejudice (legal term),1
Driver Assistance,1
Ultrasonic Testing,1
Download,1
Presentation (obstetrics),1
Presidency,1
Double-Balloon Enteroscopy,1
Applied Ethnomusicology,1
Doors,1
Umbilical Cord Care,1
Applications,1
Prevention Guidelines,1
Unbundling,1
Preventive detention,1
Preventive Services,1
Domestic Work,1
Price discrimination,1
Domain name,1
Primary (astronomy),1
Primary authority,1
Work–life balance,1
Primary School Education,1
Adolescent Behavior,1
Primordium,1
Document Image Analysis,1
Documentary evidence,1
Documentary Credits,1
Divine law,1
Distributed Systems,1
Distillation,1
Privacy Preservation,1
Adaptation,1
Distancing,1
Dissenting opinion,1
Private education,1
Private Equity,1
Private Forest Ownership,1
Private good,1
Dissent,1
Uneven and Combined Development,1
Private school,1
Private Tutoring,1
Privatized Military Industry,1
Probable cause,1
Probate,1
Disposition,1
Dispose pattern,1
Procession,1
Proclamation,1
Dispersive Liquid-Liquid Microextraction,1
Productivity,1
Antitrust Policy,1
Professional Competencies,1
Disparate impact,1
Disintermediation,1
Disclaimer,1
Professionalization,1
Anonymization,1
Discipline,1
Anonymity in Healthcare,1
Diplomatic Engagement,1
Prom,1
Promotion (chess),1
Anonymity,1
Proof of concept,1
Annexation,1
Diligence,1
Property Values,1
Digital Video Broadcasting,1
Digital Technologies,1
Annals,1
Digital Repositories,1
Digital Platforms,1
Prosopography,1
Prospective Memory,1
Digitalization in Education,1
Proto-Indo-European,1
Proximal Humerus Fractures,1
Digital Heritage,1
Workplace Bias,1
Digital Health,1
Prudence,1
Digital Engagement,1
Digital economy,1
Differential Privacy,1
Differential Cryptanalysis,1
Diet-Gene Interactions,1
Psychogenic Nonepileptic Seizures,1
Unity in diversity,1
Diaspora,1
Psychological Distress,1
Diagnostic Algorithm,1
Animal Research Reporting,1
Workplace Bullying,1
Psychological Resilience,1
Psychological Studies,1
Dewey,1
Developmental Trajectories,1
Psychological Treatment,1
Psychometric Evaluation,1
Detonation Propulsion,1
Anecdote,1
Detective Stories,1
Desert Agriculture,1
Psychotherapeutic Intervention,1
Public Action,1
Derogation,1
Dermal Remodeling,1
Action plan,1
Derivative (finance),1
Deregulation,1
Depression (economics),1
Unreliable Narration,1
Public life,1
Public management,1
Public Management Reform,1
Unrest,1
Depot,1
Public participation,1
Depiction,1
Demography,1
Public rights,1
Publics,1
Public Sector Decentralisation,1
Public space,1
Andreev reflection,1
Public Transit Integration,1
Public Use,1
Ancient Medicine,1
Demise,1
Demand-side Policies,1
Delusional Infestation,1
Q band,1
Qualitative,1
Deliberation,1
Delay Prediction,1
Quality Assessment,1
Déjà vu,1
Quantile,1
Quarter (Canadian coin),1
Queen (butterfly),1
Upper Extremity Development,1
Deflation,1
Urban Decline,1
Racial profiling,1
Radicalization,1
radioactive fallout,1
Radiological Protection,1
Radiologist Workload,1
Ancient DNA,1
Radiology Errors,1
RAID,1
De Facto States,1
Rainfall Triggering,1
Deep packet inspection,1
Rational Emotive Behavior Therapy,1
Ancient Architecture,1
Rationalization (economics),1
Urban Freight Transport,1
R&D Subsidies,1
Readability Assessment,1
Deep Learning for EEG,1
Decision-making,1
Real-Time PCR,1
Real-Time Pricing,1
Real-World Measurements,1
Accident Reconstruction,1
Reasonable suspicion,1
Decarbonization,1
Rebound Effect,1
Rebuttal,1
Reciprocal,1
Reciprocity (cultural anthropology),1
Reconfigurable Computing,1
Debris Flows,1
Records Management,1
Recycling,1
Urban Morphology,1
Redistribution (election),1
Anarchism,1
Urban Redevelopment,1
Refactoring,1
Referee Bias,1
Referendum,1
Daughter,1
Reflection (computer programming),1
Data Stream Management,1
Data Storage,1
Reform movement,1
Refugee crisis,1
Urban Resilience,1
Data Sharing,1
Zero-Knowledge Proofs,1
Data Science,1
Refugee Studies,1
Regenerative Braking,1
Regimen,1
Regional Development,1
Regional Disparities,1
Data Provenance,1
Regional Identity,1
Data Analysis,1
URL Filtering,1
Cyberbiosecurity,1
Customary international law,1
Regulatory Capitalism,1
Currency Crises,1
Cupola,1
Cuneiform Writing,1
Regulatory Expropriation,1
Culture,1
Regulatory Governance,1
Usage,1
Cultural Translation,1
Regulatory Reform,1
Access to Justice,1
User Experience,1
Cultural Theory,1
Cultural relativism,1
Reimbursement,1
Cultural Relations,1
Reinterpretation,1
Relational Aesthetics,1
Relational Sociology,1
Relationship Quality,1
Cultural property,1
Cultural Interaction,1
Cultural Imperialism,1
Cultural Exchange,1
Religious dynamics,1
Cultural Entanglement,1
User-Generated Content,1
Cultural Diplomacy,1
Cult,1
Cucurbita pepo,1
Cryptocurrencies,1
Cruelty,1
Cru,1
Crowdsourcing,1
Cross-Cultural Encounters,1
Croatian,1
Critical Pedagogy,1
Critical Peace Education,1
CRISPR Systems,1
User Participation,1
Remedial education,1
Crisis Communication,1
Anaesthesia,1
Remote Data Checking,1
Remote Monitoring,1
Removal Methods,1
Utopia,1
Worksite Health Promotion,1
Criminal trial,1
Criminal responsibility,1
Criminal Code,1
Criminal case,1
Criminal Anthropology,1
Crimes against humanity,1
Representative democracy,1
Creative Economy,1
Crankshaft Failure,1
Reproductive Technologies,1
Requisition,1
Resampling Detection,1
Rescission,1
Covert,1
Research Ethics,1
Counterinsurgency,1
Research Methodology,1
Counterculture,1
Anachronism,1
Resident Assessment Instrument,1
Residential Areas,1
Vaccine Effects,1
Resilience Governance,1
Cost-Benefit Analysis,1
Corrosion Failures,1
Corrin,1
Vaginal Birth,1
Amnesty International,1
Value Creation,1
Resource Allocation,1
Resource Depletion,1
Corporatism,1
Resource Utilization,1
Corporate Performance,1
Corporate Environmentalism,1
Corporate Bonds,1
Coronavirus,1
Rest (music),1
Amnesty,1
Restructuring,1
Retail Contracting,1
Retirement,1
American history,1
Rett syndrome,1
Review Spam,1
Alternative Medicine,1
Revolution,1
Coptic Language,1
RFID,1
Coping Strategies,1
Rhetorical device,1
Coordinate Transformation,1
Convertible bond,1
Convertible,1
Control function,1
Vehicle Diagnostics,1
Right to Health,1
Right to life,1
Control-Flow Integrity,1
Contributory negligence,1
Contract theory,1
Risk-based,1
Risk-Based Regulation,1
Contingency,1
Alterity,1
Contextualizing Data,1
Contempt,1
Vehicle Propulsion Systems,1
Rite,1
Rite of passage,1
Contemplation,1
Container Terminals,1
Rivalry,1
Road Infrastructure,1
Road Safety,1
Vehicle-to-Grid,1
Consumption,1
Consummation,1
Robustness (evolution),1
Rock Climbing Injuries,1
Rodent Eradication,1
Romance,1
Consumer Perception,1
Consumer Behavior,1
Consumer Acceptance,1
Constructive,1
Construction Safety,1
Constitutional theory,1
Constitutional right,1
Rose (mathematics),1
Rotating Detonation Combustors,1
Constitutional Interpretation,1
Vehicular Ad Hoc Networks,1
Ven,1
Constitutional interpretation,1
Rubbing,1
Consent,1
Rulemaking,1
Connecting Rod,1
Confluence,1
Conflict analysis,1
Ruling class,1
Rural Development,1
Rural Gentrification,1
Conflict,1
Rural-Urban Migration,1
Russia,1
Rwanda,1
Confiscation,1
Venomous Caterpillars,1
Sacrifice,1
Safeguarding,1
Safety Analysis,1
Safety Assurance,1
Safety Measures,1
Salvation,1
Sample Preparation Techniques,1
Venture Capital,1
Confidence Intervals,1
Sandbox (software development),1
Confessional,1
Sasanian Iran,1
Sass,1
Satellite Imagery,1
Satellite Programs,1
Scabies,1
Scala,1
Concordance,1
Conceptual Variation,1
Conceptual history,1
Almeria,1
Verdict,1
Scholarly Activity,1
Scholarly Editions,1
Versa,1
Competitive sport,1
Schooling,1
School Inspections,1
Competence,1
Comparative Politics,1
Schumann resonances,1
Algebraic,1
Science Circulation,1
Vertical Handover,1
Scientific Culture,1
Scientific Expeditions,1
Scientific Institutions,1
Scientific Intelligence,1
scientific opinion,1
Comparative history,1
Scotland,1
Vertical Integration,1
Scots law,1
Scotus,1
Screen Time,1
Scrum,1
Comorbidity,1
Searchable Encryption,1
Search and seizure,1
Community Resilience,1
Alcohol Withdrawal,1
Community Participation,1
Secondary Analysis,1
Community Engagement,1
Communication Strategies,1
Air Traffic Management,1
Secular variation,1
Secure Computation,1
veterinarian-client communication,1
Communication Integration,1
Common Agricultural Policy,1
Security Analysis,1
Commercial Diplomacy,1
Veterinary Diagnosis,1
veterinary surgeons,1
Colonisation,1
Security Policies,1
Colonial Psychiatry,1
Airport Operations,1
Collaborative Digital Scholarship,1
Sedition,1
Seismometer,1
Selective Embryo Transfer,1
Vicarious liability,1
Collaborative Consumption,1
Self driving,1
Cohesion (chemistry),1
Self-Employment,1
Self-Experience,1
Cognitive Training,1
Selfie,1
Self-Incompatibility,1
Self-incrimination,1
Self-Management,1
Self-Pressurization,1
Self-Regulation,1
Self representation,1
Semantic Business Process Management,1
Cognitive Impairment,1
Semantic Web,1
Zoonotic Diseases,1
Cognitive-Behavioral Therapy,1
Seniority,1
Sensor Calibration,1
Sensory Studies,1
Airport Efficiency,1
Sentiment Analysis,1
Cognitive,1
Coercivity Enhancement,1
Separation (statistics),1
Coercive Diplomacy,1
Code Clone Detection,1
CO2 Conversion,1
Sermon,1
Servant,1
Service-Oriented Science,1
Service Selection Algorithms,1
Cloud storage,1
Victimology,1
Closet,1
Clinical Xenotransplantation,1
Settler Colonialism,1
Clinical Practice Guidelines,1
Sexting,1
Sexual Addiction,1
Video Games,1
Clinical Effectiveness,1
Sexual Health,1
Climate Risks,1
Aid Allocation,1
Sexual Violence,1
Clementine (nuclear reactor),1
Shadow Economy,1
Shame,1
Sharecropping,1
Shared Autonomous Vehicles,1
Shared Decision-Making,1
Claw,1
Classroom Interaction,1
Shares outstanding,1
Viola,1
Classification,1
Classical tradition,1
Shipwrecks,1
Shoulder Arthroplasty,1
Shoulder Function,1
Shoulder Pathology,1
Shutdown,1
Sickness Presenteeism,1
Side-Channel Attacks,1
Classical Studies,1
Sight,1
Signature Verification,1
Agriculture,1
Silk Roads,1
Simile,1
Simplex,1
Classical period,1
Classical liberalism,1
CLARITY,1
Skeptical Theism,1
Civil society,1
Sketch,1
Agrarian system,1
Viral Transmission,1
Skin Sensitization,1
Aging,1
Civil service,1
Sleep Disruption,1
Sleepwalking,1
Sling (weapon),1
Virtual Customer Environments,1
Virtualization,1
Civil servants,1
Small Island Developing States,1
Smart contract,1
World history,1
Smart Homes,1
Smartphone app,1
Smart Specialization,1
Smiley,1
Civil Religion,1
Social Amplification of Risk,1
Academic Medicine,1
Social Boundaries,1
Social Capital,1
Civil Procedure,1
Social conflict,1
Civil Justice Problems,1
Social contract,1
Social democracy,1
Social Determinants of Health,1
Social Disorganization Theory,1
Social distance,1
Civil Economy,1
Civil disobedience,1
Social Finance,1
Cinematic Success,1
Social Impact Bonds,1
Churning,1
Church in Global Cities,1
Social institution,1
social interactions,1
Chronology,1
Christian tradition,1
Sociality,1
Social justice,1
Christian Orthodoxy,1
Cholinergic Urticaria,1
Choanal Atresia,1
Chivalry,1
Social Pathologies,1
Wright,1
Chinese Sovereignty,1
Chinese Medicinal Prescription,1
Social Psychiatry,1
Social Psychology,1
Visas,1
Social rights,1
Chilean Literature,1
Chile,1
Child Safety Seats,1
Child Protection,1
Social status,1
Child pornography,1
Child Development,1
Childbirth Experience,1
Socio-Economic Inequality,1
Agile Supply Chains,1
Childbirth,1
Chenopodiaceae,1
Chemical warfare,1
Chemical Safety,1
Sociological imagination,1
Sociological research,1
Sociological theory,1
Chapel,1
Chain (unit),1
Writ,1
Visual Culture,1
Certification,1
Aggression,1
Sodomy,1
Visual Odometry,1
Visual semiotics,1
Certainty,1
Vocal Learning,1
cerebral cortex studies,1
Academic Language,1
Central Asia,1
Software Quality,1
Software Reliability Modeling,1
Soils,1
Celtic languages,1
Agent-Based Modeling,1
Solid-Phase Microextraction,1
Somalia,1
Somatic Symptoms,1
Voter Behavior,1
Voting Behavior,1
South carolina,1
Cellular Reprogramming,1
Sovereign state,1
Cell Proliferation,1
Sovereign Wealth Funds,1
Soviet Union,1
Cell Biology,1
Cause of action,1
Vulnerability (computing),1
Causation,1
Agent-Based Control Systems,1
Spam Detection,1
Spanish Art,1
Spanish Literature,1
Spanish Monarchy,1
Spanner,1
Spare part,1
Spark plug,1
Spartan,1
Spatial Analysis,1
Causality (physics),1
Spatial planning,1
XML-Based Management,1
Special Educational Needs,1
Specialized Language,1
Spectroscopy,1
Spectrum Balancing,1
Spectrum Coexistence,1
Speed Control,1
Spell,1
Walter Benjamin,1
Sphinx,1
Catholicism,1
Agatha,1
Caterpillar Envenoming,1
Sporting Contests,1
Sport Tourism,1
Cassia tora,1
Stadium,1
Staffing,1
Warehouse Design,1
Carsharing Systems,1
Capital Punishment,1
Capital punishment,1
Waste-to-Energy,1
Star (game theory),1
Wastewater Contaminants,1
Capital investment,1
Cancer Prevention,1
State Capitalism,1
Camera Model Identification,1
Statement (logic),1
Cambodia,1
Wastewater Treatment,1
Callous-Unemotional Traits,1
State security,1
calcification,1
Statistic,1
Cage,1
Statistical Machine Translation,1
Water Availability,1
Status quo bias,1
Water Deficit,1
Steering committee,1
Water Distribution Networks,1
Water Justice,1
Water Management,1
Water Privatization,1
Byzantine Understanding of Qur'an,1
Business Intelligence,1
Business continuity,1
Burnout,1
Afterlife,1
Stigma (botany),1
Burden of Proof,1
Bullion,1
St louis,1
Bulla (seal),1
Stock Market,1
Bulgarian,1
Storage Assignment,1
Storage Systems,1
Yesterday,1
Strategic Information Systems Planning,1
Building Ventilation,1
Stream Processing,1
Street Art,1
Streptomyces albus,1
Stress,1
Stress in Horses,1
Stringer,1
African Union,1
Building Information Modelling,1
Structural Change,1
Structural Factors,1
Structural functionalism,1
Building Construction,1
Structuring,1
Student Attitudes,1
Stupor,1
Building Automation,1
Subject matter,1
Bug Localization,1
Buckingham,1
Subrogation,1
Subseafloor Sediments,1
Bruising Patterns,1
Substitution (logic),1
Bronze Age,1
Broadband Wireless Access,1
Broad band,1
British Army,1
Bridge Inspection,1
Bridge Employment,1
Young Carers,1
Sukuk,1
Summons,1
Breeder (animal),1
Supervisory board,1
Supplier Development,1
Breach of contract,1
Brand Trust,1
African Politics,1
African Christianity,1
Brand Loyalty,1
Surety,1
Brand Equity,1
Surgery,1
Weir,1
Brand Community,1
Brand Communities,1
Surveillance Technologies,1
Affect (linguistics),1
Brand Attachment,1
Sustainability Assessment,1
Bounded Confidence,1
Sustainability Indicators,1
Sustainability Labels,1
Affection,1
Sustainability Reporting,1
Bot Detection,1
Sustainable Chemistry,1
Aerial Survey,1
Sustainable consumption,1
Book Trade,1
Book History,1
Sustainable Farming,1
Sustainable Procurement,1
Sweatshop,1
Swift,1
SWORD,1
Western europe,1
Blocking (statistics),1
Syntax,1
Block Ciphers,1
System Logs,1
Table (database),1
Taliban,1
Tampering Localization,1
Tandem,1
Blessing,1
Black Sea,1
Tattoos,1
Blacklisting,1
Bit (key),1
Academic Identity,1
Biopolitics,1
West virginia,1
Tax Morale,1
Biopharmaceutical Production,1
Tax planning,1
Biometrics,1
Tax Shields,1
Biogeography,1
Bioeconomy,1
Biodiversity Offsets,1
Technocracy,1
Technological Innovations in Healthcare,1
Technological Reproducibility,1
Biobanking,1
Bibliophilia,1
Bibliography,1
Abusive Head Trauma,1
Biblical Monotheism,1
Abort,1
Biblical Hebrew,1
Zombie,1
Betrayal,1
BETA (programming language),1
Betalains,1
TEMPUS,1
Terminology,1
Intervention Programs,1
Interpreter Services,1
Intrahousehold Allocation,1
Bergman kernel,1
Internet Use,1
Internet portal,1
Internet Applications,1
Benchmarking,1
Internet Addiction,1
International waters,1
International Travel,1
Investor-state dispute settlement,1
International trade law,1
Involution (esoterism),1
International Institutions,1
Iraq,1
International economic law,1
Irrational Beliefs,1
International conflict,1
Irregular migration,1
Islam,1
International business,1
Islamic Education,1
International arbitration,1
International Aid,1
International Accounting Standards,1
Intermodal Transportation,1
Islands,1
Territoriality,1
Issuer,1
Intermodal Freight Transport,1
IT Alignment,1
Interlocking,1
Belt and Road Initiative,1
Jewish history,1
Territorial waters,1
Jewish question,1
Jigsaw Puzzles,1
Josephus,1
Joule (programming language),1
Behavioural Assessment,1
Intergovernmental Relations,1
Intergenerational Relations,1
Interfaith Relations,1
Interdisciplinary Phenomenology,1
Judicial discretion,1
Interconnectivity,1
Judicial independence,1
Intellectual Exchange,1
judicial influence,1
Judicial Instructions,1
Behavioral Finance,1
Intellectual Capital,1
Behavioral Analysis,1
Integration Strategies,1
Intangible Heritage,1
Begging,1
Judicial reform,1
Insurgency Paradigm,1
Tethering,1
Jungle,1
Instrumentalism,1
Instructional Improvement,1
Juror Comprehension,1
Beat (acoustics),1
Institutional Quality,1
Just Price,1
Text Analysis,1
Institutional Evolution,1
Text Detection,1
Kali,1
Insider threat,1
Inquest,1
Innovation Systems,1
Innovation Diplomacy,1
Innovation and Imitation,1
Kilometer,1
Injury Severity,1
Knight,1
Bazaar,1
Knowledge Representation,1
Inherent Safety,1
Text Localization,1
Ingestion,1
Kurdish question,1
Labor Conditions,1
Inga,1
Infrastructure Condition Assessment,1
Infrastructure,1
Information System Integration,1
Labor Movement,1
Labor Relations,1
Labor Rights,1
Information society,1
Information Retrieval,1
Lag time,1
Information exchange,1
Laminar Flame Speeds,1
Land Administration,1
Text Messaging,1
Land grabbing,1
White paper,1
Informal Settlements,1
Landslides,1
Wide Awake Hand Surgery,1
Bayesian Methods,1
Textual criticism,1
Textual Criticism,1
Battery Life Optimization,1
Informal Economy,1
Informal Caregiving,1
Language Barriers,1
Theme (computing),1
Influencer Marketing,1
Bats,1
Infectious Diseases,1
Infallibility,1
Inequalities,1
Laos,1
Industrialization,1
Inductively Coupled Plasma Mass Spectrometry,1
Law and development,1
Law and Economics,1
Induced Pluripotent Stem Cells,1
Law and literature,1
Bast fibre,1
Law Enforcement Response,1
Lawlessness,1
Basso continuo,1
Indigenous Rights,1
Indigenous History,1
Law reform,1
Lawsuit,1
Indeterminacy (philosophy),1
Independent state,1
Theosophy,1
Leapfrogging,1
Independence,1
Therapeutic touch,1
Inclusive Wealth,1
Legal Astuteness,1
Base (topology),1
Legal consciousness,1
Inborn Errors of Metabolism,1
Imprinting Disorders,1
Impression,1
Implementation Procedures,1
Barriers and Strategies,1
Implementation Intentions,1
Implant Failure,1
Impeachment,1
Legal formalism,1
Impartiality,1
Legal guardian,1
Immersive Simulations,1
Imaging,1
Image Matching,1
Advocacy,1
Legal Institutions,1
ICU-Acquired Weakness,1
Legalization,1
ICU,1
ICTs,1
Legal Modernization,1
Wikipedia,1
Legal opinion,1
ICT Emissions,1
Iceland,1
Ibis,1
Iberian,1
Hygrothermal Properties,1
Hydrological Analysis,1
Hybrid Warfare,1
Legal Regulation,1
Hybridity,1
Human-Wildlife Conflict,1
Human Suffering,1
Human security,1
The Void,1
Human Rights Litigation,1
Human Rights Education,1
Human Microbiome,1
HTLV-1,1
Legal translation,1
Housing First,1
House Prices,1
Legend,1
House of Commons,1
Legislative history,1
Household Decision Making,1
Hotline,1
Lernaean Hydra,1
Homophobia,1
Lever,1
Homomorphic Encryption,1
Homo economicus,1
Homelessness,1
Lexis,1
Homeland,1
Liability Regimes,1
Thiol Detection,1
Hollywood,1
Libor,1
Library Linked Data,1
Hock,1
Lichen,1
Lidar Remote Sensing,1
Lien,1
Life imprisonment,1
Life insurance,1
Third party,1
Baroque Painting,1
Limited English Proficiency,1
Limiting,1
Line (geometry),1
Hobby,1
Hittite language,1
Linguistic Competence,1
Linguistic diversity,1
History of England,1
Historicism,1
Historical Sources,1
Historical Memory,1
Linked Data,1
Historical Evolution,1
Baroque,1
Liquefied Natural Gas (LNG),1
Liquidity,1
Hispanic Linguistics,1
Hindsight bias,1
Literary History,1
Literary Theory,1
Thomism,1
Thorium Fuel Cycle,1
High tech,1
Heterotopia (medicine),1
Heterogeneous Wireless Networks,1
Lithuanian,1
Hesiod,1
Hertz,1
HERO,1
Liverworts,1
Livestock Breeding,1
Throne,1
Thumbnail,1
Local Food,1
Local Government,1
Localization,1
Barometer,1
Location Privacy,1
Log Analysis,1
Heritage Conservation,1
Long-Acting Reversible Contraception,1
Longitudinal Research,1
Longitudinal Studies,1
Looting,1
Luck,1
Luminescent Materials,1
Lusophone,1
Help-Seeking Behaviors,1
Helmet Use,1
Timber Production,1
wikis,1
Health-Related Quality of Life,1
Machine Translation,1
Macroeconomics,1
Health Claims,1
Tolerance Analysis,1
Wildlife Health,1
Magnum opus,1
Maintenance,1
Malayan Emergency,1
Health Checks,1
Male Homosexuality,1
Health Care Workers,1
Banner,1
Malus,1
Toolbox,1
Management control system,1
Healthcare Policies,1
Manger,1
Manichaeism,1
Tool Integration,1
Healthcare Outsourcing,1
Healthcare Legislation,1
manuscriptology,1
Health Care,1
Manuscript Studies,1
Head Impact,1
Harmony (Music),1
Balkans,1
Marie curie,1
Torah,1
Marine spatial planning,1
Marine Spatial Planning,1
Hacker,1
Habitat Requirements,1
Bachelor,1
maritime trade,1
Total Hip Replacement,1
Totalitarianism,1
Market Competition,1
Market Dynamics,1
Habitat,1
Market Entry Barriers,1
Wilms tumour,1
Market Integration,1
Market Irregularities,1
Market Orientation,1
Market Populism,1
Habit,1
Market Size,1
Habilitation,1
Market Value,1
Habeas corpus,1
Markup Semantics,1
Marten,1
Guidelines for Management,1
Martyr,1
Marxism,1
Guard (computer science),1
Griffin,1
Materiality (auditing),1
Grievance,1
Greenwashing,1
Wind Power,1
