journal,abbreviation,issn,alternative_title
Agrar- und Umweltrecht,AUR,"0340-840X,2192-7162",
Aktuelles Steuerrecht,AktStR,0948-1850,
Anwalt / Anwältin im Sozialrecht,ASR,"1438-3365,1613-0774","Anwalt, Anwältin im Sozialrecht"
Anwaltsblatt,AnwBl,"2700-4627,0171-7227",
Anwaltsnachrichten Ausländer- und Asylrecht,ANA-ZAR,,
Arbeit und Recht,AuR,"0003-7648,2942-0598",
Arbeitsrecht Aktuell,ArbR,"2366-102X,1860-1553,1868-9094,1865-2719,2569-3840,2509-9973,1865-8814",Arbeitsrecht aktuell
Arbeitsrecht im Betrieb,AiB,0174-1225,
Archiv des öffentlichen Rechts,AöR,"0003-8911,1868-6796",
Archiv des Völkerrechts,AVR,"0003-892X,1868-7121",
Archiv für die civilistische Praxis,AcP,"0003-8997,1868-7113",
Archiv für katholisches Kirchenrecht,AfkKR,"2589-045X,0003-9160",
Archiv für Presserecht,AfP,0931-3281,
Archiv für Rechts- und Sozialphilosophie,ARSP,"0001-2343,2363-5614",
Archiv für Urheber- und Medienrecht,,"0003-9454,1424-4276",
Archiv für Medienrecht und Medienwissenschaft,UFITA,"0003-9454,0582-0804,1424-4276",Schriftenreihe des Archivs für Urheber- und Medienrecht
Arzneimittel & Recht,A&R,1860-5338,
ArztRecht,ArztR,"0340-5524,0343-5733",Arztrecht
Außenwirtschaftliche Praxis,AW-Prax,0947-3017,
Baurecht,BauR,"0340-7489,1017-0588",
Bayerische Verwaltungsblätter,BayVBl,0522-5337,
Behindertenrecht,"Br, br",0341-3888,
Betreuungsrechtliche Praxis,BtPrax,0942-2390,
Betriebs-Berater,BB,"0340-7918,0947-0581",
BRAK-Mitteilungen,"BRAK-Mitt, BRAK-Mitt.",0722-6934,
Carbon & Climate Law Review,CCLR,,
Causa Sport,"CSR, Causa Sport",1660-8399,
Computer und Recht,CR,"2194-4172,1431-8180,0179-1990",
Corporate Compliance Zeitschrift,CCZ  [online],1865-3952,Corporate-Compliance-Zeitschrift
Das Jugendamt,JAmt,1867-6723,
Das Juristische Büro,JurBüro,"2366-1941,0931-6000",Das juristische Büro
Das Standesamt,StAZ,0341-3977,
Datenschutz und Datensicherheit,DuD,1614-0702,
Datenschutz-Berater,DSB,0170-7256,
Der AO-Steuer-Berater,"AOStB, AO-StB",1617-2272,Der AO-Steuerberater
Der Arbeits-Rechts-Berater,ArbRB,2366-102X,
Der Betrieb,DB,0005-9935,
Der Deutsche Rechtspfleger,Rpfleger,0341-678X,Der deutsche Rechtspfleger
Der Erbschafts-Steuer-Berater,ErbStB,1610-4072,Der Erbschaft-Steuerberater
Der Ertrags-Steuer-Berater,ErtrStB,,
Der Familien-Rechts-Berater,FamRB,"2366-1054,1618-8349",Familien-Rechtsberater
Der GmbH-Steuer-Berater,"GmbHStB, GmbH-StB",,
Der IP-Rechts-Berater,IPRB,"1869-5639,2366-1178",
Der IT-Rechts-Berater,ITRB,"1617-1802,1617-1527",Der IT-Rechtsberater
Der Miet-Rechts-Berater,MietRB,"1612-040X,2366-1151",
Der Öffentliche Dienst,DÖD,0029-8565,
Der Sachverständige,"DS, Sachverständige","0948-9908,2940-2093,0341-2016",Die Sachverständigen
Der Staat,"STAAT, Staat, DS","1865-5203,0038-884X",
Der Umsatz-Steuer-Berater,"UStB, UstB",,
Deutsch-Polnische Juristen-Zeitschrift,DPJZ,1615-9063,Deutsch-polnische Juristen-Zeitschrift
Deutsche Gerichtsvollzieher Zeitung,DGVZ,1861-6593,Deutsche Gerichtsvollzieher-Zeitung
Deutsche Notar-Zeitschrift,DNotZ,0340-8604,
Deutsche Richterzeitung,DRiZ,0340-8612,
Deutsche Zeitschrift für Wirtschafts- und Insolvenzrecht,"DZWIR, DZWir","1612-7056,1439-1589",
Deutsches Autorecht,DAR,"0341-129X,0012-1231",
Deutsches Steuerrecht,DStR,"0012-1347,0949-7676",
Deutsches Verwaltungsblatt,"DVBl, DVBl.","0012-1363,2366-0651",
Die Aktiengesellschaft,AG,"0724-9675,1610-5923,0943-7525,1439-9237,1862-6947,0935-0608,0133-8250,0934-0297,2627-7565,0942-590X,1864-7758,2198-6347,1614-7626,0938-2143,1618-0127,1618-7784,0340-3149,0935-8463,0433-7050,2749-9693,0936-9082",Entscheidungssammlung zum AGB-Gesetz
Die Öffentliche Verwaltung,DÖV,0029-859X,Die öffentliche Verwaltung
Die Personalvertretung,PersV,"0476-3475,1866-0185,1868-7857",
Die Sozialgerichtsbarkeit,SGb,"0943-1462,1864-8029",
Die Unternehmensbesteuerung,Ubg,"2568-3071,1865-7222",
Die Verwaltung,"VERW, Verwaltung, DV","0042-4498,1865-5211",
Entscheidungen zum Wirtschaftsrecht,"EWiR, EWIR",0177-9303,
EU-Umsatz-Steuer-Berater,EUUStB,,
Europäische Grundrechte-Zeitschrift,EuGRZ,"0341-9800,2750-2767",
Europäische Zeitschrift für Arbeitsrecht,EuZA,1865-3030,
Europäische Zeitschrift für Wirtschaftsrecht,EuZW,0937-7204,
Europäisches Wirtschafts- und Steuerrecht,EWS,0938-3050,
Europarecht,EuR,"2942-3198,1436-8919,0531-2485",
Fachanwalt Arbeitsrecht,FA,"1434-4602,2366-066X",
Familie und Recht,FuR,"2366-2018,0937-2180",
Familienrecht kompakt,"FamRK, FamR kompakt",1617-8173,
Familienrecht und Familienverfahrensrecht,FamFR,1869-0688,
Finanz-Rundschau Ertragssteuerrecht,"FR, FR-Ertragssteuerrecht",,
Forum Familienrecht,FF,1433-8696,
Gesellschafts- und Wirtschaftsrecht,GWR,1868-1816,
Gesundheit und Pflege,GuP,2191-3595,
GesundheitsRecht,GesR,"2194-4229,1610-1197,1869-1331,1866-7600,0250-6440",Gesundheitsrecht
Gewerbearchiv,GewArch,0016-9404,
Gewerblicher Rechtsschutz und Urheberrecht,GRUR,"0016-9420,1618-9574,1618-9582",
Gewerblicher Rechtsschutz und Urheberrecht - International,GRUR-Int,,
"Gewerblicher Rechtsschutz und Urheberrecht, Praxis im Immaterial- und Wettbewerbsrecht",GRUR-Prax,1869-3849,Gewerblicher Rechtsschutz und Urheberrecht in der Praxis
GmbH-Rundschau,GmbHR,1438-468X,
Goltdammer's Archiv für Strafrecht,"GA, GoltdA",0017-1956,
Humboldt Forum Recht,HFR,"1862-7617,0018-3059,0175-5293","Höchstrichterliche Finanzrechtsprechung des Bundesfinanzhofs, Bundesverfassungsgerichts, anderer oberster Gerichtshöfe des Bundes, des Gerichtshofs der Europäischen Union"
Informationen zum Arbeitslosenrecht und Sozialhilferecht,info also,"0179-8863,1862-0469",
Informationsbrief Ausländerrecht,"InfAuslR, IAR","0174-2108,2366-195X",
InfrastrukturRecht,IR,1612-7803,
Internationales Handelsrecht,IHR,"1617-5395,2193-9527",
Internationales Steuerrecht,"IStR, iStR",0942-6744,
Jahrbuch für Ostrecht,JOR,0075-2746,
Jahrbuch für Recht und Ethik,JRE,"2628-9121,0944-4610",
"Journal für Kunstrecht, Urheberrecht und Kulturpolitik",KUR,"2363-9199,1864-5690,1437-2355,2199-5052",Kunstrecht und Urheberrecht
Journal für Rechtspolitik,JRP,"1613-754X,0943-4011",
JuristenZeitung,JZ,"2569-4162,1615-9063,0173-475X,1029-1776,0036-7613,1863-9984,1866-1696,1869-6902,1868-8810,0933-0399,0022-6882,0937-5538,0029-9251,1868-7067,1869-6899","Juristische Zeitgeschichte, Jahrbuch der Juristischen Zeitgeschichte : JJZG / Institut für Juristische Zeitgeschichte, FernUniversität Hagen"
Juristische Arbeitsblätter,JA,"0022-6904,0720-6356",
Juristische Ausbildung,JURA,"1612-7021,1434-8993,2190-1570,0170-1452",Der Hausjurist
Juristische Rundschau,JR,"0022-6920,1612-7064",
Juristische Schulung,JuS,0022-6939,
Kirche und Recht,KuR,0259-0735,
Kommunaljurist,KommJur,1613-0235,
Kommunikation und Recht,K&R,1434-6354,Kommunikation & Recht
Kriminalistik,Kriminalistik,0023-4699,
Kritische Justiz,KJ,"2942-3295,0023-4834",
Kritische Vierteljahresschrift für Gesetzgebung und Rechtswissenschaft,KritV,"0179-2830,2364-6071,2193-7869",
"Landes- und Kommunalverwaltung für die Länder Berlin, Brandenburg, Sachsen, Sachsen-Anhalt, Thüringen",LKV,"1435-1382,0940-7286,0939-0014",Landes- und Kommunalverwaltung
Lebensmittel und Recht,LMuR,"1438-2318,1434-2626",Lebensmittel & Recht
Markenrecht,"MarkenR, markenr","1438-2288,1436-9265",MarkenR
Medialex,ML,1420-3723,
Medien und Recht International,MR-Int,1817-8456,
"Medien, Internet und Recht",MIR,1861-9754,
Medizinprodukterecht,MPR,1618-9027,MedizinProdukte-Recht
Medizinrecht,MedR,"1436-8935,1433-8629,0723-8886",
Mehrwertsteuerrecht,MwStR,2195-1179,
Monatsschrift für Deutsches Recht,MDR,0340-1812,Monatsschrift für deutsches Recht
Monatsschrift für Kriminologie und Strafrechtsreform,"MschrKrim, MKS","0026-9301,2366-1968",
MultiMedia und Recht,MMR,"2198-543X,1434-596X,2698-7988",MMR
myops,myops,,
Natur und Recht,NuR,"0172-1631,1439-0515",
Netzwirtschaften und Recht,N&R,1612-9245,Netzwirtschaften & Recht
Neue Juristische Online Zeitschrift,NJOZ,2698-8887,Neue juristische Online-Zeitschrift
Neue Juristische Wochenschrift,NJW,"0949-7102,1617-2914,0949-7099,1613-4621,1431-9004,1433-7916,0179-4043,0934-8778,1434-3959,0940-6158,1615-6161,0012-1347,0341-1907,0949-4766,1618-5730,0937-6372,0940-6166,0949-7110,0341-1915,0949-7676,0940-614X,0936-5656,0949-2186",NStZ-Volltext-CD-ROM
Neue Justiz,NJ,0028-3231,
Neue Zeitschrift für Arbeitsrecht,NZA,0943-7525,
Neue Zeitschrift für Baurecht und Vergaberecht,NZBau,1439-6351,
Neue Zeitschrift für Familienrecht,NZFam,2198-2333,
Neue Zeitschrift für Gesellschaftsrecht,NZG,1434-9272,
Neue Zeitschrift für Insolvenz- und Sanierungsrecht,NZI,1436-4778,NZI: neue Zeitschrift für Insolvenz- und Sanierungsrecht
Neue Zeitschrift für Kartellrecht,NZKart,2195-2833,
Neue Zeitschrift für Miet- und Wohnungsrecht,NZM,"0940-6158,1434-677X",NZM
Neue Zeitschrift für Sozialrecht,NZS,0941-7915,
Neue Zeitschrift für Strafrecht,NStZ,0720-1753,
Neue Zeitschrift für Verkehrsrecht,NZV,0934-1307,
Neue Zeitschrift für Verwaltungsrecht,NVwZ,"0940-7286,0721-880X",
Neue Zeitschrift für Wehrrecht,NZWehrr,0028-3525,
"Neue Zeitschrift für Wirtschafts-, Steuer- und Unternehmensstrafrecht",NZWiSt,2193-5777,
Newsletter der Deutsch-Amerikanischen Juristenvereinigung e.V.,DAJV Newsletter,,
Niedersächsische Verwaltungsblätter,NdsVBl,0946-7971,
Non Profit Law Yearbook,NPLY,,
Nordrhein-Westfälische Verwaltungsblätter,NWVBl,0932-710X,
Osteuropa-Recht,OER,"0030-6444,2366-6730","Osteuropa, Osteuropa-Recht"
Pflegerecht,"PflR, PR","1433-7231,2235-2953",
Pharma Recht,PharmR,0172-6617,Pharma-Recht
Praxis der Rechtspsychologie,,0939-9062,
Praxis des Internationalen Privat- und Verfahrensrechts,"IPrax, IPRax",,
Rabels Zeitschrift für ausländisches und internationales Privatrecht,RabelsZ,"1868-7059,0033-7250",
Recht & Psychiatrie,R&P,"0724-2247,2942-4887",
recht + schaden,r+s,0343-9771,Recht und Schaden
Recht Automobil Wirtschaft,RAW,2195-0261,"Recht, Automobil, Wirtschaft"
Recht der Arbeit,RdA,0342-1945,
Recht der Datenverarbeitung,RDV,0178-8930,
Recht der Energiewirtschaft,RdE,"2366-1976,0944-128X",
Recht der erneuerbaren Energien,"ree, REE",2193-8334,
Recht der Finanzinstrumente,RdFin,2191-3838,
Recht der Internationalen Wirtschaft,RIW,0340-7926,Recht der internationalen Wirtschaft
Recht der Jugend und des Bildungswesens,RdJB,"0034-1312,2366-6749",
Recht der Landwirtschaft,RdL,"1864-2764,0486-1469",
Recht der Transportwirtschaft,RdTW,1869-7100,Zeitschrift für das Recht der Transportwirtschaft
Recht Digital,RDi,"2700-1288,2702-2404,2700-1296",Recht digital
Recht im Amt,RiA,0034-1339,
Recht in Afrika,RiA,"2363-6270,1435-0963",
Recht und Politik,RuP,"0344-7871,2366-6757",
Recht und Politik im Gesundheitswesen,RPG,0948-3209,
Recht und Zugang,RuZ,"2699-1284,2942-3368",
Rechtsmedizin,RechtsMed,"0937-9819,0935-087X,1434-5196",
Rechtsphilosophie,RphZ,"2942-3341,2364-1355",
Rechtstheorie,RT,"2629-7248,2629-723X,0034-1398,1865-519X",
Rechtswissenschaft,RW,"1868-8098,2942-3376,2940-9012,1860-1979",
ReiseRecht aktuell,RRa,"0944-7490,2193-9535",Reise-Recht aktuell
Rheinische Notar-Zeitschrift,RNotZ,1867-4186,
Richter ohne Robe,RohR,"2190-345X,2366-6765",
Sächsische Verwaltungsblätter,SächsVBl,0943-2442,
SchiedsamtsZeitung,SchiedsAZ,,
Schnelldienst Ausländer- und Asylrecht,AuAS,0942-4571,
Schulrecht,SchuR,1434-4181,
Schulrecht heute,SchulR heute,2192-3760,
Sozialrecht aktuell,SR,1434-7261,
Sport und Recht,SpuRt,0945-3873,SpuRt
Steuer und Wirtschaft,StuW,0341-2954,
Steuerrecht kurzgefasst,SteuK,1869-2435,
Strafverteidiger,StV,"2366-2166,0720-1605",
Strafverteidiger-Forum,StraFo,0947-9252,
Straßenverkehrsrecht,SVR,1613-1096,
Studentische Zeitschrift für Rechtswissenschaft Heidelberg,StudZR,2629-7132,
Thüringer Verwaltungsblätter,ThürVBl,0941-7648,
Transportrecht,TranspR,"2366-2174,0174-559X",
Umsatzsteuer-Rundschau,UR,"1027-8982,1864-5690,0340-840X,0250-6688,1865-6935,0949-510X,1433-464X,0531-2485,1618-9574,0257-3822,1618-9582,2467-0812,1432-4474,2363-9199,1611-7018,1431-228X,1437-2355,0723-1814,2509-2189,0938-0183,1869-3849,0341-8669,0938-8419,1867-3201,0945-7488,2199-5052,1434-8993,0078-3552,1616-2277,2191-3544,1680-8290,0435-8600,1431-6749,0344-2373,1420-9209,0943-383X,1431-2808,0937-1125,0173-1718,2942-0296,2190-1570,1431-2425,0016-9420,2192-7162",Der Hausjurist
Umwelt und Planungsrecht,UPR,"2570-1061,0721-7390",Umwelt- und Planungsrecht
Verbraucher und Recht,VuR,0930-8369,
Verbraucherinsolvenz aktuell,VIA,1869-5361,
Verfassung und Recht in Übersee,VRÜ,"2941-9603,0506-7286",
Vergaberecht,VergabeR,"0939-4508,2366-2247,2513-0463,1617-1063",
Verkehrsrechts-Sammlung,VRS,"0342-2496,0342-250X",
Versicherungsrecht,VersR,"0342-2429,2662-4427",
Verwaltungsarchiv,"VerwA, VerwArch","2366-1992,0042-4501",
Verwaltungsblätter für Baden-Württemberg,VBlBW,0720-2407,
Verwaltungsrundschau,"VR, vr",0342-5592,
Vierteljahresschrift für Sozialrecht,VSSR,"0941-861X,0301-2999",
Vollstreckung effektiv,Vollstr,1439-5355,
Wettbewerb in Recht und Praxis,"WRP, wrp","0172-049X,0508-6205,1435-3059",
Wirtschaft und Recht in Osteuropa,WiRO,0941-6293,
Wirtschaft und Wettbewerb,WuW,0043-6151,
Wissenschaftsrecht,WissR,"0948-0218,1868-680X",
Zeitschrift Blutalkohol,Blutalkohol,,
Zeitschrift für Arbeitsrecht,"ZfA, ZFA","0342-328X,2366-2042",
Zeitschrift für Arbeitsrecht und Tarifpolitik in Kirche und Caritas,ZAT,2196-0119,Zeitschrift für Arbeitsrecht und Tarifpolitik in kirchlichen Unternehmen
Zeitschrift für Ausländerrecht und Ausländerpolitik,ZAR,0721-5746,
Zeitschrift für ausländisches öffentliches Recht und Völkerrecht,ZaöRV,"2942-3562,0044-2348",
Zeitschrift für ausländisches und internationales Arbeits- und Sozialrecht,ZIAS,0930-861X,
Zeitschrift für Bank- und Kapitalmarktrecht,BKR,1617-7223,
Zeitschrift für Bankrecht und Bankwirtschaft,ZBB,0936-2800,
Zeitschrift für Beamtenrecht,ZBR,0514-2571,
Zeitschrift für Bergrecht,ZfB,0340-3939,
Zeitschrift für chinesisches Recht,ZChinR,"2366-7125,1613-5768",
Zeitschrift für das Abfallrecht,AbfallR,1610-9376,Recht der Abfallwirtschaft
Zeitschrift für das Fürsorgewesen,ZfF,0342-3379,
Zeitschrift für das gesamte Familienrecht,FamRZ,0044-2410,
Zeitschrift für das gesamte Genossenschaftswesen,ZfgG,,
Zeitschrift für das gesamte Handelsrecht und Wirtschaftsrecht,ZHR,0044-2437,
Zeitschrift für das gesamte Lebensmittelrecht,ZLR,0342-3476,
Zeitschrift für das gesamte Medizin- und Gesundheitsrecht,ZMGR,1612-734X,
Zeitschrift für das gesamte Recht der Energiewirtschaft,EnWZ,2195-2841,EnWZ
"Zeitschrift für das gesamte Schuldrecht [bzw.Zeitschrift für Vertragsgestaltung, Schuld- und Haftungsrecht]",ZGS,"2192-3450,1619-7011","Zeitschrift für Vertragsgestaltung, Schuld- und Haftungsrecht"
Zeitschrift für das Gesamte Sicherheitsrecht,"GSZ, gsz",,
Zeitschrift für das Juristische Studium,ZJS,1865-6331,Zeitschrift für das juristische Studium
Zeitschrift für das öffentliche Arbeits- und Tarifrecht,öAT,1869-9367,
Zeitschrift für das Recht der Non Profit-Organisationen,npoR,,
Zeitschrift für das Stiftungs- und Vereinswesen,ZStV,1869-800X,Zeitschrift für Stiftungs- und Vereinswesen
Zeitschrift für Datenschutz,ZD,2192-5593,
"Zeitschrift für Deutsches und Europäisches Wasser-, Abwasser- und Bodenschutzrecht",W+B,,
Zeitschrift für deutsches und internationales Bau- und Vergaberecht,ZfBR,0170-0413,
Zeitschrift für die gesamte erbrechtliche Praxis,ErbR,1862-4790,
Zeitschrift für die gesamte Privatrechtswissenschaft,ZfPW,2363-4960,
Zeitschrift für die gesamte Strafrechtswissenschaft,"ZStW, ZStrW","1612-703X,0084-5310",
Zeitschrift für die notarielle Beratungs- und Beurkundungspraxis,NotBZ,1433-1780,NotBZ
Zeitschrift für die Steuer- und Erbrechtspraxis,ZErb,1439-3182,
Zeitschrift für Digitalisierung und Recht,ZfDR,2703-0776,
Zeitschrift für Energie- und Wettbewerbsrecht in der kommunalen Wirtschaft,EWeRK,,
Zeitschrift für Erbrecht und Vermögensnachfolge,ZEV,0945-4969,
Zeitschrift für Europäisches Privatrecht,ZEuP,0943-3929,Zeitschrift für europäisches Privatrecht
Zeitschrift für europäisches Sozial- und Arbeitsrecht,ZESAR,"1611-1958,1868-7938,1864-8479",
Zeitschrift für Europäisches Umwelt- und Planungsrecht,EurUP,,
Zeitschrift für Europarechtliche Studien,ZEuS,"2942-3589,1435-439X",Zeitschrift für europarechtliche Studien
Zeitschrift für evangelisches Kirchenrecht,"ZevKR, ZevKr","0044-2690,1868-7369",
Zeitschrift für Familien- und Erbrecht,"ZFE, EF-Z","2226-0412,1619-7003",
Zeitschrift für Familienunternehmen und Stiftungen,FuS,2191-9828,
Zeitschrift für geistiges Eigentum,ZGE,"1867-237X,1867-2523",
Zeitschrift für Gemeinschaftsprivatrecht,GPR,"1612-9229,2364-7213,2193-9519,2364-7205",GPR
Zeitschrift für Gesetzgebung,ZG,0179-4051,
Zeitschrift für Höchstrichterliche Rechtsprechung im Strafrecht,HRRS,,
Zeitschrift für Immissionsschutzrecht und Emissionshandel,I+E,2191-3331,
Zeitschrift für Immobilienrecht,ZfIR,"1433-0172,1619-3741",
Zeitschrift für Insolvenzrecht,KTS,"2366-231X,1432-461X,0023-3552,1436-4778,1024-6096","Konkurs, Treuhand, Sanierung"
Zeitschrift für Internationale Rechnungslegung,IRZ,,
Zeitschrift für Internationale Strafrechtsdogmatik,ZIS,1863-6470,
Zeitschrift für Internationales Wirtschaftsrecht,IWRZ,2365-2004,Zeitschrift für internationales Wirtschaftsrecht
Zeitschrift für Internationales Wirtschaftsrecht,IWRZ,2365-2004,Zeitschrift für internationales Wirtschaftsrecht
Zeitschrift für Japanisches Recht,ZJapanR,2366-7117,Zeitschrift für japanisches Recht
Zeitschrift für Kindschaftsrecht und Jugendhilfe,ZKJ,1861-6631,
Zeitschrift für Luft- und Weltraumrecht,ZLW,0340-8329,
Zeitschrift für Medizinstrafrecht,medstra,2199-4323,Medstra
Zeitschrift für Miet- und Raumrecht,ZMR,"0340-7497,2366-2069",
Zeitschrift für neuere Rechtsgeschichte,ZNR,0250-6459,
Zeitschrift für neues Energierecht,ZNER,1434-3339,
Zeitschrift für Öffentliches Recht in Norddeutschland,NordÖR,,
Zeitschrift für Parlamentsfragen,ZParl,,
Zeitschrift für Personalvertretungsrecht,ZfPR,0934-9677,
Zeitschrift für Rechtsgeschichte - Savigny-Zeitschrift,ZRG,"0323-4045,2304-4934,2304-4861,0935-7963,0323-4096,0323-4142,2304-4896","Zeitschrift der Savigny-Stiftung für Rechtsgeschichte, Germanistische Abteilung"
Zeitschrift für Rechtspolitik,ZRP,0514-6496,
Zeitschrift für Rechtssoziologie,"ZfRsoz, Zs. f. Rechtssoz.","0174-0202,2366-0392",
Zeitschrift für Schadensrecht,zfs,0173-0568,
Zeitschrift für Schiedsverfahren,SchiedsVZ,1610-322X,SchiedsVZ
Zeitschrift für Sozialrecht in Deutschland und Europa,ZfSH/SGB,0724-4711,Zeitschrift für Sozialhilfe und Sozialgesetzbuch
Zeitschrift für Stoffrecht,StoffR,"1613-3919,2190-815X",StoffR
Zeitschrift für Tarifrecht,ZTR,0931-8577,
Zeitschrift für Umweltpolitik & Umweltrecht,ZfU,0931-0983,
Zeitschrift für Umweltrecht,ZUR,0943-383X,
Zeitschrift für Unternehmens- und Gesellschaftsrecht,ZGR,"1612-7048,0340-2479",
Zeitschrift für Urheber- und Medienrecht,ZUM,0177-6762,
Zeitschrift für Verbraucher- und Privat-Insolvenzrecht,ZVI,"0935-5847,1619-3741",ZVI
Zeitschrift für Vergleichende Rechtswissenschaft,ZVR,"0044-3662,2194-1483",Zeitschrift für Verkehrsrecht
Zeitschrift für Vertriebsrecht,ZVertriebsR,2193-5769,
Zeitschrift für Wasserrecht,ZFW,"0044-3735,0722-8910",
Zeitschrift für Wett- und Glücksspielrecht,ZfWG,2192-0141,
Zeitschrift für Wettbewerbsrecht,ZWeR,"1611-1982,2199-1723",
Zeitschrift für Wirtschafts- und Bankrecht,WM,"0931-4253,0509-0717,0342-6971,1867-9129,2199-6741,0945-9715,0173-1564","Amtsblatt des Bayerischen Staatsministeriums für Bildung und Kultus, Wissenschaft und Kunst"
Zeitschrift für Wirtschafts- und Steuerstrafrecht,"wistra, Wistra",0721-6890,Wistra
Zeitschrift für Wirtschaftsrecht,ZIP,"0172-8245,0723-9416,0720-8170",ZIP
Zeitschrift für Wirtschaftsstrafrecht und Haftung im Unternehmen,ZWH,"2192-8002,2366-1496",Wirtschaftsstrafrecht und Haftung im Unternehmen
Zeitschrift für Wohnungseigentumsrecht,ZWE,"0931-4768,1611-8650",
Zeitschrift für Zivilprozeß,ZZP,"1660-8909,0342-3468,1434-8888,2366-2077",Zeitschrift für Zivilprozeß international
Zeitschrift für Zölle und Verbrauchsteuern,ZfZ,"2195-8920,0342-3484",
Zeitschrift zum Innovations- und Technikrecht,InTeR,"2569-2852,2195-5743",InTeR Schriftenreihe
AbfallR - Zeitschrift für das Recht der Abfallwirtschaft,AbfallR,1610-9376,Recht der Abfallwirtschaft
Archiv für Sozialgeschichte,AfS,,
Anwaltsgebühren spezial,AGS,0942-590X,
Aktuelle juristische Praxis,AJP,1660-3362,
Ad Legendum,AL,"0948-9770,0948-8251,1614-614X,2511-5766,2409-6911,0931-3613,2522-6940,1420-2395",Austrian law journal
Österreichisches Anwaltsblatt,AnwBl,1605-2544,
Mitteilungen der APBB,APBB-Mitt.,,
apf - Ausbildung-Prüfung-Fortbildung,apf,"1867-7002,1612-3980","Ausbildung, Prüfung, Fachpraxis, Gesamtausgabe mit Landesteil Baden-Württemberg"
Apotheke & Recht,APR,1434-7970,
Aus Politik und Zeitgeschichte,APuZ,,
Archiv für Kriminologie,ArchKrim,0003-9225,
Austrian review of international and European law,ARIEL,,
Arztrecht,ArztR,"1616-6655,0340-5524,0343-5733",
ASDA-Bulletin : Schweizer Fachzeitschrift für Luft- und Weltraumrecht,ASDA-Bulletin,,
"Anwalt, Anwältin im Sozialrecht",ASR,1438-3365,
Arbeit und Arbeitsrecht,AuA,0323-4568,
Ausländer- und Asylrecht Schnelldienst,AuAS,0942-4571,Schnelldienst Ausländer- und Asylrecht
Aufsichtsrat,Aufsichtsrat,,
Der Arzt und sein Recht,AusR,0935-5553,
Betriebs-Berater / Außenwirtschaftsdienst,AWD,0004-8232,"Der Betriebs-Berater, Außenwirtschaftsdienst des Betriebs-Beraters : AWD"
AWR-Bulletin : Vierteljahresschrift für Flüchtlingsfragen,AWR-Bulletin,,
Die Bank,Bank,"1861-4884,0938-3050,0342-6971,0940-9858,2198-0624,0175-3207,1437-0344,1866-7597,1300-1396,0340-7926,0945-9715,2941-9301,1028-6780,0941-147X,2198-851X,1434-6354,0340-7918,1617-7223","Juris-PraxisReport, Bankrecht"
Bank-Archiv,BankArch,,
Der Bausachverständige,Bausachverständige,1614-6123,
Bayerischer Gemeindetag,BayGT,,
Bundesbaublatt,BBB,0007-5884,
Berliner Anwaltsblatt,BerlAnwBl,"0930-3065,2510-5116",
Betriebliche Altersversorgung,BetrAV,0005-9951,
Betrifft: Justiz,Betrifft Justiz,,
Bewertungs-Praktiker Fachinformationen zu Bewertungsfragen,BewertungsPraktiker,,
Bewährungshilfe,BewHi,0405-6779,
BFH/NV Sammlung der Entscheidungen des Bundesfinanzhofs,BFH/NV,,
Die Berufsgenossenschaft,BG,"1611-1095,0935-8455,1433-7916,0435-7124,0433-7131,0949-3476,1439-3662,1865-2107,0941-696X,0941-6951,1868-7296,1869-389X,0342-0809,0724-7672,2363-7382,0721-880X,1618-5730,0435-7132,0935-8471,2513-1419,2569-3883,0939-6829,0948-017X,0932-0911,0016-9420,1610-2452","Eildienst: Bundesgerichtliche Entscheidungen, BGH"
Basler juristische Mitteilungen,BJM,0522-456X,
Die Betriebskrankenkasse,BKK,"1436-1612,0343-0995,2192-788X,2941-9727,2199-6814,2199-6822,0945-1633,1869-1838,1430-6743,0722-2351,0940-788X",Krankheitsarten-Statistik
Blätter für deutsche und internationale Politik,Blätter,"1866-0746,0029-8921,2700-919X,2510-246X,0022-6912,0340-0255,0006-4491,0179-8065,2629-2971,0379-4423,0024-0044,1867-4429,2628-3654,0179-8057",ÖBl
Bucerius Law Journal,BLJ,,
"Blatt für Patentwesen, Muster- u. Zeichenwesen",BlPMZ,0930-2980,"Blatt für Patent-, Muster- und Zeichenwesen"
Blutalkohol,Blutalkohol,0006-5250,
Zeitschrift für betriebliche Prävention und Unfallversicherung,BPUVZ,2193-3308,
Bundesgesundheitsblatt – Gesundheitsforschung – Gesundheitsschutz,Bundesgesundheitsbl,,
Zeitschrift für das Notariat in Baden-Württemberg,BWNotZ,1434-2979,
Corporate-Compliance-Zeitschrift,CCZ,1865-3952,
Corporate Finance law,CFL,,
Computer Law Review International,CRi,2194-4164,Computer law review international
Contracting und Recht,CuR,1613-950X,
DAJV-Newsletter,DAJV-Newsletter,1862-1821,
Datenschutz-Nachrichten,DANA,0173-7767,
Deutsche Polizei,Deutsche Polizei,"0170-6454,0170-6438,0170-6462,0170-6470,0170-639X,0170-6446,0170-6489,0170-6497,0943-9463,0170-642X,0170-6411,0170-6381,0012-057X","Deutsche Polizei, Ausgabe Berlin"
Deutsche Gerichtsvollzieher-Zeitung,DGVZ,1861-6593,
Zeitschrift des Deutschen Juristinnenbundes,djbZ,"2942-3163,1866-377X",
Deutsche Lebensmittelrundschau,DLR,1616-6272,Legal framework for the commercial use of outer space
DNotI-Report,DNotI-Report,1434-3460,
Der öffentliche Dienst,DöD,,
Die öffentliche Verwaltung,DÖV,0029-859X,
Deutsch-polnische Juristen-Zeitschrift,DPJZ,1615-9063,
Deutsche Rentenversicherung,DRV,0012-0618,
Deutsche Steuer-Zeitung,DStZ,"2195-8971,0724-5637",
Deutsches Ärzteblatt,Dtsch Ärztebl,,
Deutsche Verwaltungspraxis,DVP,"0945-1196,0343-9496",
Der Wohnungseigentümer,DWE,0344-8738,
Deutsche Wohnungswirtschaft,DWW,,
European company and financial law review,ECFR,,
European Criminal Law Review,ECLR,,
Entscheidungen der Finanzgerichte,EFG,"0421-2991,2195-8955",
European Law Reporter,ELR,1028-9690,European law reporter
Evangelischer Pressedienst Medien,epd medien,,
Energierecht. Zeitschrift für die gesamte Energierechtspraxis,ER,"0176-5477,2194-766X,0937-3365,1431-9004,0176-4780,0721-8214,1019-0406,1612-3093,1435-3253,2194-5829,2511-3895,2512-3947,1434-3339,2699-1012,2191-8074,2748-5765,0175-5293,2194-6833,2731-8508,1022-9450,2194-3761,2198-8765,1865-5211,0531-2442,0940-614X,0947-5729,2194-5837",Europäische Rechtsprechung
Der Erbschaft-Steuerberater,ErbStB,1610-4072,
Der Ertrag-Steuer-Berater,EStB,1437-9112,Der Ertrag-Steuerberater + Berater.Modul Ertragsteuer
Energiewirtschaftliche Tagesfragen,et,"2312-1920,0723-3418,2698-5942,2700-5410,2194-685X,0937-5562,1434-6826,0042-4013,0340-7926,1611-0404,0938-2402,1618-9582,0447-2780,0932-8335,0935-0306,1612-7684,0344-1946,2366-2069,1617-1446,1619-3431,0450-6448,1864-9351,2749-5671,1618-4726,1614-7529,2365-4627,0942-6701,1866-1823,0003-2298,0945-1277,2365-2888,0408-8115,0043-6151,0947-5885,0940-6166,1869-9340,1619-8859,2194-2455,0173-1564,0179-2830,2147-1045,0033-2992,2366-9691,2191-7884,0003-7605,2504-1444,1860-5605,2628-5274,1433-1357,0179-4116,0724-9675,1862-9954,0232-7643,0344-7731,1612-7692,1860-2347,0023-7884,1437-9112,0172-2379,0936-4773,0044-2127,0340-8329,1861-1893,1606-2949,2364-6071,2363-5606,0724-5920,0342-3557,1614-6808,0341-079X,1436-3917,2510-8166,0948-9770,0724-584X,2512-0514,1863-4192,2366-0392,1613-7345,2192-9491,2750-1078,0936-6849,1029-0656,2190-4375,1013-9486,0722-7299,1860-7292,0255-8246,0561-7758,2195-5719,0016-6162,2628-4499,2199-5230,2512-6792,2513-0099,1863-3749,0949-4111,2513-003X,2364-2270,0936-4544,1612-9245,1614-2004,1866-0150,2511-4719,1861-2903,2702-2773,2751-0670,0344-7626,0341-1109,0939-2211,0940-788X,0431-5715,0435-8392,2366-5807,1610-2835,0938-3050,1438-2288,1862-0221,2566-5316,2509-9213,1863-2335,0012-1347,1430-077X,2365-2829,1423-6982,0724-5971,2511-6320,2701-0937,2193-8288,0935-5049,2367-1416,1611-5112,1437-1634,0343-7582,0022-6920,0938-8842,2366-8377,1662-6958,2512-2665,0487-6881,1610-2452,1433-2523,1863-8430,2567-7721,0943-7525,2750-0837,0935-1922,0174-1721,0482-8801,1613-8031,1434-6117,0255-7339,1618-0151,2366-7125,0003-777X,0343-2149,0378-7125,1861-7441,1612-667X,1436-9524,0940-6158,2749-5655,1862-4529,1861-9754,0943-1802,0254-945X,1861-7425,0558-0773,0720-6933,0174-0202,1869-8727,2193-0295,0933-2723,1868-114X,0342-6394,0934-7100,0340-9503,2628-3522,1865-830X,0177-1663,2567-2436,0016-4739,1977-4842,0945-9561,2699-7010,0341-1044,0178-6679,2190-6882,1435-7372,1431-0953,0340-7918,2194-3036,2749-5485,0944-7733,1433-6928,2700-726X,1434-8330,1424-926X,1869-8735,0724-5882,1439-8214,1423-3746,1663-6546,1618-2901,1663-6635,1869-2435,0408-8492,0001-2343,1616-9131,0514-6496,1866-0495,0946-8560,0940-8738,2511-5766,2365-4562,0173-167X,0179-5155,0724-1178,2365-1296,0930-6439,1432-6426,2567-0409,0936-1081,0944-0127,2194-6833,2297-5624,0488-3888,0867-2571,2942-3988,0034-1339,0949-7110,0080-5823,0176-9049,1432-7422,0020-9503,2194-4806,1439-3735,1431-1631,0941-1836,1661-2868,0171-3205,1611-4671,0044-3638,0178-6024,1619-6244,1025-5494,1864-5607,1614-8118,0934-4136,1866-6108,0343-284X,2673-4044,2569-4081,0940-4260,0937-2040,2627-7689,2749-5647,0945-7488,0722-2351,0724-5904,1661-2612,2194-3583,2192-1253,1612-5401,1663-6600,0936-3246,1865-8172,0178-6695,1431-5521,0014-391X,0487-1057,2192-2306,1863-0626,0043-6143,0343-2831,2192-6530,1867-6375,1866-1831,1613-7833,1615-7737,0941-4460,0941-732X,2309-7558,1681-2913,1865-8164,0509-0717,2192-788X,0171-9181,0344-2195,2194-6841,1869-8743,0724-5947,1612-4251,2194-3370,0454-1391,1420-2476,2193-5769,2367-2129,1865-519X,1017-8147,2366-570X,2297-2471,2192-9785,2309-7507,0178-613X,0933-9477,2195-2760,1661-2884,1863-2319,0223-582X,0298-0665,0930-7915,2199-1065,0342-250X,1609-5146,0172-2360,1435-1390,0937-0641,2193-7869,1614-2012,0341-1389,1860-5265,2510-8158,2192-743X,1434-677X,0724-8474,0172-0406,0340-0522,1613-270X,1610-899X,1864-9769,0930-7540,1435-8751,0937-3853,2749-5663,1619-6260,2367-1556,0343-9550,0723-4139,1861-308X,2199-1723,0949-7102,0038-8858,2191-3412,0177-3992,2750-5472,2788-0818,0544-9871,0945-8719,0179-2202,0342-6645,1617-8696,2509-9191,1434-3959,2750-5863,0178-935X,1618-4157,1424-9715,0003-7621,0178-6687,2509-9078,0941-696X,2197-8573,1860-8116,0943-058X,1613-026X,0431-7092,1406-5762,2367-1548,1868-5757,2626-0670,2195-3031,1861-2385,1867-3759,2197-0599,0724-6021,2296-0074,1869-6724,2700-5402,0531-7312,2353-9666,0933-7571,2510-8212,2510-1978,0940-2802,0590-7233,0044-2410,1861-7174,2218-6271,0724-5637,2192-9564,1664-2007,1865-6277,0173-475X,0179-9819,0340-7497,2750-1086,0930-4460,1439-9474,2366-7702,2365-1318,0724-6048,1860-6423,0170-9291,0342-2496,2366-9322,2192-8517,2747-6049,1860-9260,1438-2164,0722-0871,1431-228X,1612-040X,0173-4350,0343-6918,1611-471X,2512-4285,2751-4625,1433-2132,2199-0344,0585-5845,1611-8650,0723-0109,0949-4766,0013-9513,1432-4768,1217-5048,1663-666X,0938-7145,1618-7784,2569-409X,0259-8825,1023-9073,0939-4184,1430-9955,1614-1903,0340-3289,0720-7824,0174-1349,0873-5395,0032-3519,1430-6123,2750-7289,1378-403X,1611-7050,0948-5228,1864-3922,2192-6522,1618-8845,1660-0339,2365-4635,2366-5262,0178-6709,0250-6688,0007-5906,2366-5254,2509-6214,0004-8232,0418-9604,2192-9831,1861-7972,0177-1108,1861-5716,1861-5430,1869-4039,2628-782X,2196-2596,0175-7091,1662-8705,1420-9454,2363-5614,1617-2272,2512-3947,0720-6100,0005-9323,2199-8191,0947-501X,0721-0108,1421-9158,2568-8464,0933-1123,1864-645X,1422-8181,1612-1554,2628-9121,1616-2137,2698-6175,0342-4618,2699-9838,1433-1365,2365-1326,0948-7182,1861-700X,0171-3051,0931-0983,1868-4920,0034-138X,0323-4568,0028-3231,1614-2179,0171-6077,0176-3814,1438-0897,2940-7109,0944-0097,1863-8511,2628-068X,2509-6206,1865-2719,0943-3031,2196-1700,2699-951X,2190-4006,2199-2339,2196-5714,0948-3942,2363-5738,0343-0693,1866-3850,1432-685X,0176-6759,2364-026X,2571-5690,0324-6523,0340-6881,0341-1095,1865-8091,2511-7920,0172-1895,0179-9827,0259-0727,2191-9895,0006-5250,2366-2964,2366-5726,0174-948X,1866-8585,1437-7241,2699-9358,0433-7158,1861-6607,2510-8913,1618-0909,0005-9935,0174-478X,0937-1133,1869-4047,2366-8253,1434-6354,1860-157X,1610-3270,0084-540X,2195-7738,1813-4432,1868-2065,1614-8983,2750-9702,0940-2810,1431-6633,1436-395X,0006-9094,0723-6034,0254-9441,1614-7537,2627-1427,0949-2844,1436-4417,0945-1633,2077-4737,1680-2950,1868-7857,2222-7407,2367-1408,1431-1569,1615-0996,2192-9815,1862-6203,1863-4206,2192-7456,2366-5904,2366-9659,0340-966X,2365-3450,0934-3776,0722-7000,0947-0581,0175-9450,2365-2705,0173-0592,1864-970X,0342-1988,0946-8382,0942-2390,0934-3253,1611-860X,2366-5696,1863-1827,2199-2320,1868-2057,0934-3652,2366-8369,0034-1398,2192-306X,1618-1883,0232-5993,0340-8787,1613-5458,0939-8198,0341-3888,0300-3329,1864-113X,1613-4621,2365-3469,0942-4229,1866-1491,2513-0110,1862-3336,1436-1612,0170-5024,0038-9048,0724-5963,2570-3897,1864-7278,0506-6522,0939-415X,0301-2980,2513-1702,0949-3603,0175-971X,2695-0596,2223-9499,0947-6873,2509-9205,0173-6515,0173-5705,1864-7758,1432-3796,1437-4439,0724-7672,0939-401X,1614-1997,2366-1151,1865-9144,1618-5730,0421-4714,0042-9678,2194-1998,0944-2693,2193-0465,1869-8719,1616-0061,0941-7915,0344-3698,0949-7676,0933-5781,1862-9741,2409-5621,1868-2979,2193-7451,0344-7634,0440-744X,0323-5394,1420-2395,1612-4081,1869-8700,1439-684X,2063-2525,0945-9626,2571-5704,2365-4570,1437-8000,2511-4956,2512-5125,1435-8530,1438-1265,2366-5793,0344-3876,0947-269X,2701-0929,0172-2344,1862-6181,0721-4316,1438-2695,2364-2262,1437-1197,2406-1387,2509-5285,1612-1546,1863-0561,0005-7134,0036-6234,0934-5639,0255-3430,0341-5449,0171-9343,2509-8640,1616-6086,1613-060X,1432-9549,1861-9673,1662-8217,1300-1396,2512-7373,0172-2743,1430-0400,0522-456X,2628-0698,0171-8525,0005-9951,1619-649X,1615-8636,1866-1432,2193-1089,2750-7459,2625-431X,0341-7980,2193-1321,2366-8989,1976-6084,0172-2549,0174-6103,1860-3890,2196-5021,1866-6868,0946-7793,1019-0406,1422-2019,0863-5226,2699-1969,1860-6431,1612-8214,1435-3628,1661-5212,0944-4610,0340-7012,2568-2520,1435-361X,0934-7062,1434-5374,2199-3378,2511-5995,0940-8428,1612-7676,2194-5802,2702-3389,0172-4983,1866-0185,1660-9077,2191-5075,0476-3475,0948-9509,2366-8261,0940-9114,0138-1644,0936-8035,2235-8498,0003-231X,0344-7839,2511-4638,1434-4637,1612-8095,0724-5866,2366-5890,0172-2352,1435-9065,2509-906X,2510-8174,1863-6772,2750-9710,0930-1909,1024-2643,1424-9723,1610-4064,2749-3814,2748-5390,0177-5480,2673-4710,1614-8800,1618-9574,1663-6570,2198-5146,0344-368X,0505-3269,0172-2395,1862-7617,2365-2691,0935-1558,1866-167X,1438-9517,1435-9057,1435-1382,2363-863X,0172-3391,2192-8487,1014-5567,0012-0782,0179-8464,0943-5980,0179-4051,0174-1225,0177-5359,0724-6005,1729-9101,1864-2586,1616-2145,0365-6071,1862-8427,2193-1097,1611-1982,2749-1498,0012-0774,2509-5277,0937-1125,1433-0261,0340-9031,1617-2124,0931-0053,2366-5432,2365-4694,0138-1695,1612-7803,0724-5998,2366-5718",Gesetz- und Verordnungsblatt für Berlin
EU-Umsatz Steuer-Berater,EU-UStB,1862-9210,EU-Umsatzsteuer-Berater
Zeitschrift für Europarecht,EuZ,1022-9450,
Zeitschrift des Instituts für Energie- und Wettbewerbsrecht in der Kommunalen Wirtschaft e.V.,EWeRK,,
FinanzArchiv,FA,"0936-4544,2366-066X,2512-4153,2625-2112,1434-1646,1434-4602,0342-328X,0936-028X,1433-1845,2366-2042",Forum Arbeits- und Sozialrecht
Der Familien-Rechtsberater,FamRB,1618-8349,
FamRB international,FamRB international,,
Frankfurter Allgemeine Zeitung,FAZ,,
Praxis der Freiwilligen Gerichtsbarkeit,FGPrax,0948-8790,Praxis der freiwilligen Gerichtsbarkeit
"Finanzierung, Leasing, Factoring",FLF,,
Forum Recht,FoR,0930-6420,
Forderungs-Praktiker,Forderungs-Praktiker,1869-6295,
Forum Kriminalprävention,Forum Kriminalpräv.,1618-4912,
Zeitschrift für Strafvollzug u. Straffälligenhilfe,Forum Strafvollzug,2366-7303,Forum Strafvollzug
Forderung & Vollstreckung,FoVo,1866-0584,
"Familie, Partnerschaft, Recht",FPR,0947-2045,
Forum Strafvollzug,FS,"2366-7303,1865-1534",
Die Gemeinde [Baden-Württemberg],Gemeinde [BW],,
Die Gemeinde [Schleswig-Holstein],Gemeinde [SH],,
der gemeindehaushalt,gemeindehaushalt,,
Geschichte und Gesellschaft,Geschichte und Gesellschaft,,
Gesundheitsrecht,GesR,"2194-4229,1610-1197",
Der Gesellschafter,GesRZ,0250-6440,
German law journal,GLJ,,
GmbH-Steuerpraxis,GmbH-Steuerpraxis,0932-2345,
Göttingen journal of international law,GoJIL,,
Greifswalder Halbjahresschrift für Rechtswissenschaft,GreifRecht,1864-8304,GreifRecht
Das Grundeigentum,Grundeigentum,0017-4882,
Gewerblicher Rechtsschutz und Urheberrecht. Internationaler Teil,GRUR Int,"1618-9574,1618-9582,0435-8600","Gewerblicher Rechtsschutz und Urheberrecht, Internationaler Teil : GRUR Int. : mit Inhalten des Journal of intellectual property law practise / Max-Planck-Institut für Innovation und Wettbewerb"
Gewerblicher Rechtsschutz und Urheberrecht. Praxis im Immaterialgüter- und Wettbewerbsrecht,GRUR-Prax,1869-3849,Gewerblicher Rechtsschutz und Urheberrecht in der Praxis
Gewerblicher Rechtsschutz und Urheberrecht. Rechtsprechungs-Report,GRUR-RR,"1616-2277,1618-9574,1618-9582",GRUR CD
Grundstücksmarkt und Grundstückswert,GuG,,
Gesundheits- und Sozialpolitik,GuS,,
Gewerbemiete und Teileigentum,GuT,,
German yearbook of international law,GYIL,"2195-7304,0344-3094",
Das Hauseigentum,Hauseigentum,1435-5361,
Hoechstrichterliche Finanzrechtsprechung,HFR,"1862-7617,0018-3059,0175-5293","Höchstrichterliche Finanzrechtsprechung des Bundesfinanzhofs, Bundesverfassungsgerichts, anderer oberster Gerichtshöfe des Bundes, des Gerichtshofs der Europäischen Union"
Herder-Korrespondenz,HK,"0945-7488,1617-4291,2510-828X,1613-2351",Heidelberger Kommentar zum Betreuungs- und Unterbringungsrecht
Hamburger Zeitschrift für Schiffahrtsrecht,HmbSchRZ,,
Hamburger Zeitschrift für Schiffahrtsrecht - International,HmbSchRZ-Int,,
HöchstRichterliche Rechtsprechung im Strafrecht,HRRS,,
Hessische Städte- und Gemeindezeitung,HSGZ,0171-9610,
Humanitäres Völkerrecht,HuV,"2569-5010,0937-5414,2625-719X,2625-7203",
Humanitäres Völkerrecht - Informationsschriften,HuV-I,"2569-5010,0937-5414",Humanitäres Völkerrecht
Historische Zeitschrift,HZ,0435-7124,Entscheidungen des Bundesgerichtshofes in Zivilsachen
Immobilien- & Baurecht,IBR,0941-5750,
Immobilien- und Baurecht,ibr,"0014-391X,0941-5750",Immobilien- & Baurecht
Vienna journal on international constitutional law,ICL-Journal,,
International review of intellectual property and competition law,IIC,"1618-9574,1618-9582",GRUR CD
International insolvency law review,IILR,,
Zeitschrift zum Immobilien-Steuerrecht,ImmoStR,"2190-8168,1612-6297",ImmoSTR
Immobilien- und Mietrecht,imr,2190-4251,
Info / Schleswig-Holsteinischer Richterverband,info,"2195-7746,1863-6772,1617-2914,0945-781X,0942-4571,0179-0161,1610-4064,0175-4041,0344-2195,0720-4841,0176-4411,1439-9059,1613-8031,2749-2885,1861-3489,0945-7690,1435-8530,1861-0315,1862-3999,1422-2019,1435-4535,0934-7380,1432-623X,1862-0469,1434-2170,1616-9131,0301-2980,0179-8863,1616-4121,0935-6010,2751-4625,1437-7594,1435-6449,0936-3254,1661-2612,2626-0670,2190-3387,2194-4164,1430-3868,1613-060X,0936-3246,0938-2143,1432-7694,2940-1755,0936-3211,0941-1585,0949-1031,1434-1212,1613-1282,0724-8067,0176-0904,0863-2278,1431-9985,0936-3238,0937-1125,2628-5274,1433-4127,0724-2905,2625-9753,2191-7884,1861-6658,1613-2416,1861-468X,0032-3543,1022-9450,1863-1312,0034-1398",Zeitschrift für Europarecht
Zeitschrift für Insolvenzverwaltung und Sanierungsberatung,InsVZ,1869-4268,
Zeitschrift für Innovations- und Technikrecht,InTeR,2569-2852,InTeR Schriftenreihe
Informationsdienst Öffentliches Dienstrecht,IÖD,1610-0468,
Ip competence,Ip competence,,
IP-Rechtsberater,IPRB,"1869-5639,2366-1178",Der IP-Rechts-Berater
"InfrastrukturRecht : Energie, Verkehr, Abfall, Wasser",IR,"0945-2435,1431-6633,0944-3487,1863-4206,2306-4900,1431-2697,1861-9754,1435-0491,1863-4192,2309-754X,0720-7646,1433-0172,1612-7803,1211-3425,1619-3741","Marken-Lexikon, Wortmarkenlexikon"
Zeitschrift für internationale Rechnungslegung,IRZ,,
Internationale Steuer-Rundschau. Zeitschrift für internationales Steuerrecht,ISR,"2194-539X,2366-116X",Internationale Steuer-Rundschau
IWB - Internationales Steuer- und Wirtschaftsrecht,IWB,0020-9368,Internationale Wirtschaftsbriefe
NWB - Internationales Steuer- und Wirtschaftsrecht,IWB,0020-9368,Internationale Wirtschaftsbriefe
JahrbuchSchweizerische Gesellschaft für Haftpflicht und Versicherungsrecht,Jahrbuch SGHVR,,
Jahresheft / Internationale Juristenvereinigung Osnabrück,Jahresheft IJVO,,
Jahrbuch Extremismus & Demokratie,Jb Extremismus&Demokratie,0938-0256,
Jahrbuch für direkte Demokratie,Jb. f. direkte Demokratie,,
Jahrbuch des Arbeitsrechts,JbArbR,1865-2719,
Jahrbuch des Föderalismus,JbFöderalismus,,
Jahrbuch für Italienisches Recht,JbItalienR,,
Juristische Blätter,JBl,"1613-7639,0022-6912",
Jahrbuch für öffentliche Finanzen,JböffFin,,
Jahrbuch Öffentliche Sicherheit,JBÖS,,
Jahrbuch des Sozialrechts,JbSR,1615-7737,
Jahrbuch des Umwelt- und Technikrechts,JbUTR,0933-6486,
Journal of European integration history,JEIH,2942-321X,
"Journal of intellectual property, information technology and electronic commerce law",JIPITEC,2190-3387,
Journal of Institutional and Theoretical Economics,JITE,,
Jahrbuch der Juristischen Zeitgeschichte,JJZG,1869-6902,
Juris: die Monatszeitschrift,jM,,
Journal der juristischen Zeitgeschichte,JoJZG,1868-8810,
Jahrbuch des öffentlichen Rechts der Gegenwart,JöR,"2569-4103,0075-2517",
Das juristische Büro,"JurBüro, JB","2366-1941,0931-6000",
JurPC - Internet-Zeitschrift für Rechtsinformatik und Informationsrecht,JurPC,,
Juristenzeitung,JZ,"1868-7067,0022-6882",
Kommunikation & Recht,K&R,1434-6354,
Mitteilungen. Rechtsanwaltskammer Köln,KammerForum,1610-8140,Kammer-Forum
KammerMitteilungen : Informationen und offizielle Verlautbarungen der Rechtsanwaltskammer Düsseld,KammerMitteilungen,,
Kfz-Anwalt : die Fachzeitschrift für alle Rechtsfragen im Automobilgewerbe,Kfz-Anwalt,,
Kommunal-Kassenzeitschrift,KKZ,2190-1503,
KommunalPraxis spezial,KommP spezial,1617-3759,"KommunalPraxis, Spezial"
KommunalPraxis Wahlen,KommP Wahlen,2190-9695,"KommunalPraxis, Wahlen : Fachzeitschrift für Wahlen und Abstimmungen"
Der Konzern,"Konzern, DK",1611-2296,
Zeitschrift für kapitalmarktorientierte Rechnungslegung,KoR,,
Kölner Steuerdialog,Kösdi,0172-1720,
Zeitschrift für das gesamte Kreditwesen,Kreditwesen,"0566-2745,0720-7336","Untersuchungen über das Spar-, Giro- und Kreditwesen, Abteilung A: Wirtschaftswissenschaften"
Der Kriminalist,Kriminalist,0722-3501,
Kriminologisches Journal,KrimJ,0341-1966,
Kriminalpädagogische Praxis,KrimPäd,0721-1279,
Kritische Vierteljahresschrift für Gesetzgebung und Rechtsprechung,KritV,"0179-2830,2364-6071,2193-7869",Kritische Vierteljahresschrift für Gesetzgebung und Rechtswissenschaft
"Krisen-, Sanierungs- und Insolvenzberatung",KSI,"1868-7784,1863-3889",
Kommunale Steuer-Zeitschrift,KStZ,"0450-7126,2509-2324",
Kölner Schrift zum Wirtschaftsrecht,KSzW,"2194-4199,1869-3679",
Kunst und Recht,KUR,"2363-9199,2199-5052",
Der Landkreis,Landkreis,0342-2259,
LeGes : Gesetzgebung & Evaluation; Mitteilungsblatt der Schweizerischen Gesellschaft für Gesetzgeb,LeGes,1420-2395,Gesetzgebung heute
Liechtensteinische Juristenzeitung,LJZ,1029-1776,
"LKRZ : Zeitschrift für Landes- und Kommunalrecht Hessen, Rheinland-Pfalz, Saarland",LKRZ,1864-0192,"Zeitschrift für Landes- und Kommunalrecht Hessen, Rheinland-Pfalz, Saarland"
Landes- und Kommunalverwaltung,LKV,0939-0014,
Lebensmittel & Recht,LMuR,1434-2626,
Medien & Recht,M & R,0257-3822,
"Zeitschrift für deutsches, europäisches und internationales Markenrecht",MarkenR,1436-9265,MarkenR
Der medizinische Sachverständige,MedSach,0025-8490,
Mitteilungen des Hamburgischen Richtervereins,MHR,,
Mieter-Magazin,Mieter-Magazin,0723-3418,
Mitteilungen des Instituts für Deutsches und Internationales Parteienrecht und Parteienforschung,MIP,"1612-8117,2192-3833",
Mitteilungen der Deutschen Patentanwälte,"Mitt., MittDtPatA",,
Mitteilungen des Landesverbandes Hessen / Deutscher Richterbund,Mitt.LV Hessen DRB,,
"Mitteilungen des Bayerischen Notarvereins, der Notarkasse und der Landesnotarkammer Bayern",MittBayNot,0941-4193,
Mietrecht kompakt,MK,1618-4157,
Multimedia und Recht,MMR,1434-596X,
Medizinprodukte-Journal,MPJ,,
MedizinProdukte-Recht : MPR,MPR,1618-9027,MedizinProdukte-Recht
Mietwagen Rechtswissen,MRW,1869-6031,
Mehrwertsteuersteuerrecht. Zeitschrift für das gesamte Mehrwertsteuersteuerrecht,MwStR,2195-1179,Mehrwertsteuerrecht
myops. Berichte aus der Welt des Rechts,myops,,
Nachrichtendienst des Deutschen Vereins für öffentliche und private Fürsorge,NDV,1430-5720,Rechtsprechungsdienst
"Neue Gesellschaft, Frankfurter Hefte",NG/FH,,
Neue juristische Online-Zeitschrift,NJOZ,2698-8887,
Neue Kriminalpolitik,NK,"2942-1624,0934-9200",
Neue Landwirtschaft - Briefe zum Agrarrecht,NL-BzAR,0947-4358,
Zeitschrift für öffentliches Recht in Norddeutschland,NordÖR,1435-2206,NordÖR
Notar,Notar,1860-8760,
Zeitschrift für das Recht der Non-Profit-Organisationen,npoR,1868-3770,npoR
NRÜ - Nomos-Rechtsprechungsübersicht,NRÜ,1865-7591,Nomos-Rechtsprechungsübersicht
NStZ-Rechtsprechungs-Report Strafrecht,NStZ-RR,"0949-2186,1435-1390,0949-7129",NStZ-Volltext-CD-ROM
NWB - Steuer- und Wirtschaftsrecht,NWB,"0939-5733,0173-1599,1868-3126,2702-7589,1431-4096,0179-1087,1868-2898,0028-3460,1868-2979,0020-9368,1868-3118,1860-9449,1868-288X","Neue Wirtschaftsbriefe, Direkt : Infodienst und Datenbank für Steuer- und Wirtschaftsrecht"
Österreichische Notariatszeitung,NZ,0029-9340,
NZA-Rechtsprechungs-Report Arbeitsrecht,NZA-RR,0949-7137,"Neue Zeitschrift für Arbeitsrecht, NZA-Rechtsprechungs-Report Arbeitsrecht : NZA-RR / hrsg. von der NStZ-Redaktion"
Neue Zeitschrift für das Recht der Insolvenz und Sanierung,NZI,1436-4778,NZI: neue Zeitschrift für Insolvenz- und Sanierungsrecht
Österreichisches Archiv für Recht und Religion,öarr,1560-8670,Österreichisches Archiv für Recht & Religion
öAT - Zeitschrift für das öffentliche Arbeits- und Tarifrecht,öAT,1869-9367,Zeitschrift für das öffentliche Arbeits- und Tarifrecht
Österreichische Blätter für gewerblichen Rechtsschutz und Urheberrecht,Öbl,0029-8921,
Österreichische Juristen-Zeitung,ÖJZ,0029-9251,Österreichische Jurist:innenzeitung
Österreichische Steuerzeitung,ÖStZ,0029-9529,
Österreichische Zeitschrift für Kartellrecht,ÖZK,"2218-6271,2309-7507",
Österreichische Zeitschrift für Soziologie,ÖZS,,
Onlinezeitschrift für Suchtstoffrecht,OzSR,2195-8882,Onlinezeitschrift für Suchtstoff-Recht
Österreichische Zeitschrift für Wirtschaftsrecht,ÖZW,0379-4407,
Der Personalrat,Personalrat,"0175-9299,0721-6963",
PflegeRecht,PflR,1433-7231,Pflegerecht
Pharma-Recht,PharmR,0172-6617,
PHi: Produkt- und Umwelthaftpflicht international,PHi,,
Privacy in Germany,PinG,"2196-9817,2197-1862",
Praxis internationale Steuerberatung,PIStB,1438-8375,
Pflege- & Krankenhausrecht,PKR,1434-1212,
Plädoyer,Plädoyer,1420-5556,
Die Polizei,Polizei,0032-3519,
Patienten- & Pflegerecht mit Qualitätsmanagement,PPRQ,1869-1676,
Praxis Steuerstrafrecht,PStR,1435-0122,
Politische Vierteljahresschrift,PVS,,
Recht und Schaden,"r + s, r+s",0343-9771,
Recht und Steuern im Gas- und Wasserfach,R + S,0343-9771,Recht und Schaden
"Recht, Bibliothek, Dokumentation",RBD,0935-2538,
Rechtder Transportwirtschaft,RdTW,1869-7100,Zeitschrift für das Recht der Transportwirtschaft
Österreichisches Recht der Wirtschaft,RdW,1013-9486,
Rechtskultur. Zeitschrift für europäische Rechtsgeschichte,Rechtskultur,2568-4469,Rechtskultur
Rescriptum. Münchner studentische Rechtszeitschrift,Rescriptum,,
Rechtsgeschichte,Rg,"1619-4993,2195-9617",
Das Recht im Amt,RiA,0034-1339,Recht im Amt
Recht der internationalen Wirtschaft,RIW,0340-7926,
Rechtspflegerblatt,RpflBl,0034-1363,
Rpfleger,Rpfleger,1612-6394,
Reise-Recht aktuell,Rra,"0944-7490,2193-9535",
RVGreport,RVGreport,1614-760X,
Österreichische Richterzeitung,RZ,"2699-8084,0341-9800,2625-1868,1864-0192,1435-9014,2367-1823,2699-2132,2367-1815,2749-9766,2365-2004,0178-9309,2750-2767,2071-7059,2309-7442,2699-948X,0044-2410,2627-3721,2218-306X,0250-6440",Zeitschrift für internationales Wirtschaftsrecht
Sammlung arbeitsrechtlicher Entscheidungen,SAE,"2199-0220,0048-9069",
Schiedsamtszeitung,SchAZtg,0945-7097,
Schleswig-Holsteinische Anzeigen / A,SchlHA,"0173-9794,1860-9643","Schleswig-holsteinische Anzeigen, Teil A"
Schweizerisches Jahrbuch für Europarecht,SchweizJahrbEuropaR,,
Sozialgerichtsbarkeit,SGb,"0943-1462,1864-8029",Die Sozialgerichtsbarkeit
Sic!,Sic!,1422-2019,
Schweizerisches Jahrbuch für Kirchenrecht,SJKR,"2235-7106,1420-9497",
Schweizerische Juristenzeitung,SJZ,0036-7613,Schweizerische Juristen-Zeitung
Soziale Sicherheit,SoSi,0038-6065,
Sozialrecht + Praxis,,0939-401X,
Schaden-Praxis,SP,"0344-0559,0943-5980,0931-5500,2625-7955,0001-2343,2363-5614,2193-3103,1660-8909,2366-0937,0341-079X,1433-8866,2699-3201,1618-0909,1019-1151",Schnellinformation für Personalmanagement und Arbeitsrecht
SpuRt. Sport und Recht,SpuRt,,
Soziales Recht,SR,"2193-5157,2942-058X",
Der Steuerberater,StB,"1432-6973,1610-4072,1610-4064,2194-0851,1617-2272,1862-9210,0340-9503,0930-2301,1439-6777,1438-8375,0947-501X,1437-9112",GmbH-Steuerberater
Die Steuerberatung,Stbg,0490-9658,
Steuerberater-Jahrbuch,StbJb,0081-5519,
Die steuerliche Betriebsprüfung,StBp,0340-9503,
SteuerConsultant,StC,1866-8690,
Steuern der Energiewirtschaft : StE,StE,"1437-1553,0254-8992,0937-1680",Steuer-Eildienst
Steuer-Eildienst : StEd,StEd,0937-1680,Steuer-Eildienst
Steueranwaltsmagazin,,1615-5610,
Steuer + Studium,SteuerStud,"0173-1599,1868-3126",
Streit,Streit,0175-4467,
StrafRechtsReport,StRR,1864-7200,
StuB - Unternehmenssteuern und Bilanzen,StuB,,
Die Steuer-Warte,StW,0178-2096,
Steuer-Telex,StX,0170-7620,
Südosteuropa-Mitteilungen,Südosteuropa-Mitt,,
Straßenverkehrsrecht. Zs für die Praxis des Verkehrsjuristen,SVR,"1022-8047,1430-5607,0582-0251,1613-1096",Straßenverkehrsrecht
Schweizerische Zeitschrift für internationales und europäisches Recht,SZIER,1019-0406,Swiss review of international and European law
Schweizerische Zeitschrift für Wirtschafts- und Finanzmarktrecht,SZW,1662-8705,
"Archiv für Urheber-,Film-,Funk- und Theaterrecht",UFITA,"0003-9454,0582-0804,1424-4276",Schriftenreihe des Archivs für Urheber- und Medienrecht
Umwelt- und Planungsrecht,UPR,"2570-1061,0721-7390",
Umsatzsteuer- und Verkehrssteuer-Recht,UVR,"0935-7998,2195-8912",Umsatzsteuer- und Verkehrsteuer-Recht
Verkehrsrecht aktuell,VA,1615-3995,
Verkehrsdienst,VD,"1436-5510,0341-4388,0938-5800,1865-6935,1862-7757,1618-9582,0342-9407,1431-6633,1431-2921,0178-2908,0340-1545,0342-801X,0172-0686,1869-389X,0942-9247,0947-0581,1862-7749,2567-0557,1437-1553,0171-712X,0936-5893",Beck-Steuer-Direkt-DVD
Mitteilungen / Vereinigung für Deutsch-Russisches Wirtschaftsrecht,VDRW-Mitteilungen,0942-9247,Mitteilungen / Vereinigung für Deutsch-Russisches Wirtschaftsrecht e.V
Der Verkehrsanwalt,VerkA,"1866-993X,1438-3373",Die Verkehrsanwältin
Der Verkehrsjurist,Verkehrsjurist,1613-1096,Straßenverkehrsrecht
Verkehrsrechtliche Mitteilungen,VerkMitt,0342-6734,
Versicherungspraxis,VersPrax,,
Versicherungsrecht / Beilage Ausland,VersRAI,,
Vierteljahrshefte für Zeitgeschichte,VfZ,,
Versicherung und Recht kompakt,VK,1861-9843,
Verkehrsunfall und Fahrzeugtechnik,VKU,,
Verwaltung & Management,VM,"0947-9856,2942-352X",
Der Vollzugsdienst,VollzD,,
Rundbrief VPP,VPP-Rundbrief,2750-722X,Rundbrief / VPP
Verkehrsrechtsreport,VRR,1862-3980,
Wirtschaftsrechtliche Blätter,wbl,"0930-3855,1864-3434",
Wertermittlungsforum,WF,"1613-7450,1434-5390,0945-1285,0721-9229,1434-1646",Asylmagazin
Wistra. Zeitschrift für Wirtschafts- und Steuerstrafrecht,Wistra,0176-7283,"Wistra, Wistra-Kartei"
Wirtschaft und Verwaltung,WiVerw,0720-003X,
Wertpapier-Mitteilungen Teil IV,WM / 4,0342-6971,"Wertpapier-Mitteilungen, Teil 4: Zeitschrift für Wirtschafts- und Bankrecht"
Die Wirtschaftsprüfung,WPg,"1863-9658,0340-9031","Die Wirtschaftsprüfung, Supplement : IDW-Verlautbarungen im ... Quartal .."
WSI Mitteilungen,WSI Mitt.,,
Wohnungswirtschaft & Mietrecht,WuM,"0509-0717,0173-1564",Wohnungswirtschaft und Mietrecht
Wussow-Informationen zum Versicherungs- und Haftpflichtrecht,Wussow-Informationen,,
Wege zur Sozialversicherung,WzS,"2191-7345,0043-2059",
Zeitschrift für die Anwaltspraxis,ZAP,0936-7292,
Zeitschrift für altoriental. und biblische Rechtsgeschichte,ZAR,"1439-619X,2749-9278,2747-4461,0721-5746,0948-0587","Zeitschrift für altorientalische und biblische Rechtsgeschichte, Beihefte zur Zeitschrift für altorientalische und biblische Rechtsgeschichte"
Schweizerisches Zentralblatt für Staats- und Verwaltungsrecht,ZB,1422-0709,
Zeitschrift des Bernischen Juristenvereins,ZBJV,"0044-2127,2504-1444",
Zeitschrift für Bildungsverwaltung,ZBV,0947-9872,Zeitschrift für Betriebsverfassungsrecht
Zeitschrift für Corporate Governance,ZCG,1862-8702,
Zeitschrift für deutsches und amerikanisches Recht,ZDAR,2199-0271,
Zeitschrift für evangelische Ethik,ZEE,,
Zeitschrift für europarechtliche Studien,ZEuS,"2942-3589,1435-439X",
Zeitschrift für Bibliothekswesen und Bibliographie,ZfBB,,
Zeitschrift für Lebensrecht,ZfL,"2747-6480,0944-4521,2749-8875",
Zeitschrift für Menschenrechte,zfmr,"1864-6492,2749-4845",
Zeitschrift für Politik,ZfP,"0934-9677,2363-4960,2750-2791",Zeitschrift für Personalvertretungsrecht
"Zeitschrift für Europarecht, internationales Privatrecht und Rechtsvergleichung",ZfRV,2078-1059,
Zeitschrift für Soziologie,ZfS,"0342-3514,0724-4711,2309-7531,0173-0568,0044-4278","Das Zentralblatt für Sozialversicherung, Sozialhilfe und Versorgung"
ZfSH/SGB Sozialrecht in Deutschland und Europa,ZfSH/SGB,0724-4711,Zeitschrift für Sozialhilfe und Sozialgesetzbuch
Zeitschrift für Versicherungswesen,ZfV,1017-3463,Zeitschrift für Verwaltung
Zeitschrift für Verwaltung,ZfV,1017-3463,
Zeitschrift für Zölle und Verbrauchssteuern,ZfZ,"2195-8920,0342-3484",Zeitschrift für Zölle und Verbrauchsteuern
Zeitschrift für Unternehmens- u.Gesellschaftsrecht,ZGR,"1612-7048,0340-2479",Zeitschrift für Unternehmens- und Gesellschaftsrecht
Zeitschrift für das gesamte Schuldrecht,ZGS,1619-7011,
Zeitschrift für das gesamte Handels- und Wirtschaftsrecht,ZHR,0044-2437,Zeitschrift für das gesamte Handelsrecht und Wirtschaftsrecht
Zeitschrift für das gesamte Insolvenzrecht,ZInsO,"1615-8032,2366-200X",
Zeitschrift für Jugendkriminalrecht und Jugendhilfe,ZJJ,1612-1864,
Zeitschrift für das juristische Studium,ZJS,1865-6331,
Zeitschrift für Kommunalfinanzen,ZKF,0174-1136,
Zeitschrift für Konfliktmanagement,ZKM,1439-2127,
Die Mitarbeitervertretung,ZMV,"2363-7595,0939-8198",
Zeitschrift für Neues Energierecht,ZNER,1434-3339,Zeitschrift für neues Energierecht
Zeitschrift für die Notarpraxis,ZNotP,"1615-8040,2366-2050",Zeitschrift für die NotarPraxis
Zeitschrift für öffentliche und gemeinwirtschaftliche Unternehmen,ZögU,,
Zeitschrift für öffentliches Recht,ZöR,"(191-91944),0948-4396,1613-7663,2227-2410,(199-6)",
Zeitschrift für offene Vermögensfragen,ZOV,0943-3147,
Zeitschrift für Politikwissenschaft,ZPol,,
Zeitschrift der Savigny-Stiftung …German.Abt.,ZRG,"0323-4045,2304-4934,2304-4861,0935-7963,0323-4096,0323-4142,2304-4896","Zeitschrift der Savigny-Stiftung für Rechtsgeschichte, Germanistische Abteilung"
Zeitschrift der Savigny-Stiftung …Kanon.Abt.,ZRG,"0323-4045,2304-4934,2304-4861,0935-7963,0323-4096,0323-4142,2304-4896","Zeitschrift der Savigny-Stiftung für Rechtsgeschichte, Germanistische Abteilung"
Zeitschrift der Savigny-Stiftung …Roman.Abt.,ZRG,"0323-4045,2304-4934,2304-4861,0935-7963,0323-4096,0323-4142,2304-4896","Zeitschrift der Savigny-Stiftung für Rechtsgeschichte, Germanistische Abteilung"
Zeitschrift für Rechtsphilosophie,ZRph,1618-4726,
Zeitschrift für Staats- und Europawissenschaften,ZSE,,
Zeitschrift für schweizerisches Recht,ZSR,"0254-945X,0084-540X",
Zeitschrift für Sozialreform,ZSR,0514-2776,
Zeitschrift für Steuern & Recht,ZSteu,1614-7936,ZSteu
Schweizerische Zeitschrift für Strafrecht,ZStrR,0036-7893,
Zeitschrift für Stiftungs- und Vereinswesen,ZStV,1869-800X,
"Zeitschrift für Tarif-, Arbeits- und Sozialrecht",ZTR,"0931-8577,2224-6819,1439-5908",ZTR
Zur Debatte : Themen der Katholischen Akademie in Bayern,Zur Debatte,,
Zeitschrift der unabhängigen Verwaltungssenate,ZUV,,
Zeitschrift der Verwaltungsgerichtsbarkeit,ZVG,2309-5113,
Zeitschrift für vergleichende Rechtswissenschaft,ZVglRWiss,0044-3638,
Zeitschrift für Verkehrsrecht,ZVR,0044-3662,
Zeitschrift für Zivilprozess International,ZZPInt,1434-8888,Zeitschrift für Zivilprozeß international
Archiv für civilistische Praxis,AcP,"0003-8997,1868-7113",Archiv für die civilistische Praxis
Arbeitsrechtliche Praxis,AP,"1436-5510,1434-7970,0938-5800,1862-7757,0944-8438,0943-2426,1861-7565,1022-9426,0366-9807,0943-2418,0344-3825,2569-4367,1862-7749,1420-9209,0947-2401,0518-2220,0469-4333,0936-7292,0946-8870,2512-0476",Nachschlagewerk des Bundesarbeitsgerichts
Der Aufsichtsrat,AR,1613-1282,
Der Arbeitsrechtsberater,ArbRB,2366-102X,Der Arbeits-Rechts-Berater
Betriebsberater,BB,"1864-3310,1860-6695,1437-9856,1420-2476,0940-676X,1438-4841,2194-3583,1861-3098,0937-5546,2194-3591,2628-4227,0007-5884,1435-2079,1862-6890,1437-997X,1868-4920,0943-9463,0518-2220,1619-7631,0340-7918,1435-2095,0941-8156,0936-2800,1861-308X",Beraterbrief Kanzleimanagement
"Zeitschrift für Bilanzierung, Rechnungswesen und Controlling",BC,"0033-3964,0005-9935,0721-1562",Publikation
Becklink,Becklink,,
Entscheidungen des Bundesfinanzhofs,BFHE,0342-197X,
NWB Rechnungswesen,BKK,"1436-1612,0343-0995,2192-788X,2941-9727,2199-6814,2199-6822,0945-1633,1869-1838,1430-6743,0722-2351,0940-788X",Krankheitsarten-Statistik
Betriebsrat und Recht,BRuR,2750-2783,
Entscheidungen des Bundesverfassungsgerichts,BVerfGE,"1611-2962,0433-7646",
Compliance Berater,CB,"2748-8705,0170-9291",Rechtsprechung aus den Vertragsstaaten des EPÜ
COVID-19 und Recht,COVuR,2700-3051,COVID-19 und alle Rechtsfragen zur Corona-Krise
Computer Law Review International ,CRi,2194-4164,Computer law review international
Computer und Arbeit,CuA,1863-8511,
Datenschutz Nachrichten,DANA,0173-7767,Datenschutz-Nachrichten
Diversity in Recht & Wirtschaft,DivRuW,"2940-8210,2940-8229",
Deutsche Juristen-Zeitung,DJZ,1866-1696,
European Data Protection Law Review,EDPL,,
European Review of Contract Law,ERCL,,
Europäische GRUNDRECHTE-Zeitschrift,EuGRZ,"0341-9800,2750-2767",Europäische Grundrechte-Zeitschrift
Familienrecht Kompakt,FK,"1864-5690,1617-8173,0003-9209",Archiv für Kommunalwissenschaften
Forderungsmanagement professionell,FMP,1864-9769,
Finanz-Rundschau,FR,"1439-3158,1869-0688,1439-2658,1861-5554,1863-7922,0176-7771,0018-3059,2567-4765,2194-4156,1612-1546,1614-6808,1438-3292,0932-6782,0720-3845,1996-2401,0175-5293,1862-8753,2567-4897,1438-3284,0940-452X,1438-8960,2569-393X,0720-6704,1864-3701,1862-7617",Entscheidungssammlung zum gesamten Bereich von Ehe und Familie
Freilaw,Freilaw,,
Göttingen Journal of International Law,GoJIL,,
Zeitschrift für das Privatrecht der Europäischen Union ,GPR,"1612-9229,2364-7213,2193-9519,2364-7205",GPR
GRUR Internationaler Teil,GRUR Int.,"1618-9574,1618-9582",GRUR CD
GRUR Praxis,GRUR-Prax,1869-3849,Gewerblicher Rechtsschutz und Urheberrecht in der Praxis
GRUR-Rechtsprechungs-Report,GRUR-RR,"1616-2277,1618-9574,1618-9582",GRUR CD
Zeitschrift für das gesamte Verfahrensrecht,GVRZ,2625-1868,
German Yearbook of International Law,GYIL,"2195-7304,0344-3094",German yearbook of international law
Heidelberg Journal of International Law,HJIL,"2942-3562,0044-2348",Zeitschrift für ausländisches öffentliches Recht und Völkerrecht
Hamburger Rechtsnotizen,HRN,"2191-6543,2699-2299",
Höchstrichterliche Rechtsprechung zum Strafrecht,HRRS,1865-6277,HRRS
Praxis des internationalen Privat- und Verfahrensrechts,IPRax,0720-6585,IPRax
IP-Rechts-Berater,IPRB,"1869-5639,2366-1178",Der IP-Rechts-Berater
iurratio - Das Jura Journal,iurratio,,
Internationales Steuer- und Wirtschaftsrecht,IWB,0020-9368,Internationale Wirtschaftsbriefe
Journal of Banking Law and Banking,JBB,0936-2800,Zeitschrift für Bankrecht und Bankwirtschaft
"Journal of Intellectual Property, Information Technology and E-Commerce Law",JIPITEC,2190-3387,"Journal of intellectual property, information technology and electronic commerce law"
International Journal of Language & Law,JLL,1865-3030,Europäische Zeitschrift für Arbeitsrecht
juris – Die Monatszeitschrift,jM,,
Jura Studium & Examen,JSE,2195-044X,
JurPC,JurPC,0937-1125,
Junge Wissenschaft im öffentlichen Recht,JuWiss,,
Jahrbuch des öffentlichen Rechts der Gegenwart. Neue Folge,JöR,2569-4103,Jahrbuch des öffentlichen Rechts der Gegenwart
"Kunst und Recht: Journal für Kunstrecht, Urheberrecht und Kulturpolitik",KuR,"0947-8094,2366-6722",Kirche & Recht
Life & Law,L&L,,
Lindenmaier-Möhring,LMK,"1864-9343,1611-1095,0945-7615",LMK
Marburg Law Review,Marburg Law Review,,
Monatsschrift für deutsches Recht,MDR,"2194-4202,0340-1812",
Mitteilungen des Instituts für Parteienrecht und Parteienforschung,MIP,"1612-8117,2192-3833",Mitteilungen des Instituts für Deutsches und Internationales Parteienrecht und Parteienforschung
Medizin Produkte Recht,MPR,1618-9027,MedizinProdukte-Recht
Max Planck Yearbook of United Nations Law,MPYUNL,,
Mietrechts-Berater,MRB,"1612-040X,2366-1151,1663-7542",Der Miet-Rechts-Berater
MenschenRechtsMagazin,MRM,"2941-1149,1434-2820",
Netzwirtschaften & Recht,N&R,1612-9245,
Neue Juristische Online-Zeitschrift,NJOZ,2698-8887,Neue juristische Online-Zeitschrift
NJW-Rechtsprechungs-Report Zivilrecht,NJW-RR,"0940-6158,0940-614X,1618-5730,0179-4043,0940-6166,0949-2186,1434-3959,0937-6372",NStZ-Volltext-CD-ROM
NVwZ-Extra,NVwZ-Extra,0721-880X,Neue Zeitschrift für Verwaltungsrecht
NVwZ-Rechtsprechungsreport,NVwZ-RR,"0721-880X,1435-1382,0940-7286,0949-2186,0934-8603",NStZ-Volltext-CD-ROM
NWB Steuer- und Wirtschaftsrecht,NWB,"0939-5733,0173-1599,1868-3126,2702-7589,1431-4096,0179-1087,1868-2898,0028-3460,1868-2979,0020-9368,1868-3118,1860-9449,1868-288X","Neue Wirtschaftsbriefe, Direkt : Infodienst und Datenbank für Steuer- und Wirtschaftsrecht"
NZFam,NZFam,2198-2333,Neue Zeitschrift für Familienrecht
Ordnung der Wissenschaft,OdW,2197-9197,
Osteuropa Recht,OER,,
Personalvertretung,PersV,"1864-3922,0476-3475,1866-0185,1868-7857,1869-9340",Die Personalvertretung
Recht der Zahlungsdienste,RdZ,2699-1969,
Recht der Erneuerbaren Energien,REE,2193-8334,Recht der erneuerbaren Energien
Rescriptum,Res,2195-3120,
Rechtsgeschichte - Legal History,Rg,"1619-4993,2569-4901,2195-9617",Rechtsgeschichte
Entscheidungen des Reichsgerichts in Strafsachen,RGSt,,
Rechtswissenschaft - Zeitschrift für rechtswissenschaftliche Forschung,RW,"1439-3158,0044-3638,0932-2345,1615-5718,0721-8311,0723-4961,1860-6695,0932-8335,2942-3376,1996-2398,0177-5340,1862-4529,0941-696X,2569-3964,2569-4243,1614-8169,2196-7261,0941-6951,1867-8807,0481-9306,0484-0984,0942-9247,1864-905X,0940-2152,1868-8098,2626-0905,0722-2521,0177-6525,2942-3570,0171-2802,0937-7239,1869-6031,1865-5211,1615-309X",Sammlung des bereinigten Gesetz- und Verordnungsblattes für das Land Nordrhein-Westfalen
Rechtsprechungsübersicht,RÜ,"0938-3891,0178-0689",
Rechtsprechungsübersicht 2,RÜ2,2363-8036,
Zeitschrift der Savigny-Stiftung für Rechtsgeschichte,Savigny,"0323-4045,2304-4934,2304-4861,0323-4096,0323-4142,2304-4896","Zeitschrift der Savigny-Stiftung für Rechtsgeschichte, Germanistische Abteilung"
Soziale Sicherheit - Zeitschrift für Arbeit und Soziales,SoSi,,
Streit - Feministische Rechtszeitschrift,Str,"1865-6277,2312-1920,0947-9724,1662-6966,1435-8689,2699-0067,0721-6890,0072-9442,2364-8155,0934-537X,2509-5595,1865-8334,0173-2331,1619-3431,0947-532X,1430-4376,0720-6860,0938-9741,1619-3938,1433-2442,1439-2127,0936-4285,0521-9981,1661-2868,0945-1811,0941-942X,0174-1349,0176-9049,1613-1096,2366-7303,2366-0937,1862-3980,0258-7866,0941-1674,0431-6614,1432-6833,0341-4388,2199-0336,2700-5534,1864-7200,0175-7091,0949-7129,1866-8739,1617-2272,0935-7963,1661-2612,1617-545X,0936-3459,1434-3991,2296-0112,1865-9152,0029-9340,2940-0880,0043-6143,1865-1534,0176-7283,0940-614X,0343-7841,1614-5585,2196-9868,1614-760X,0943-0008,0723-8541,0936-6210,0943-4577,0342-3514,1615-8148,1435-1390,2569-4464,2367-0371,1614-2012,1430-3183,0017-1956,0006-5250,1436-896X,1435-0122,1013-8528,1860-0093,0721-5061,1438-8332,0936-7438,2509-4998,0532-2820,0947-9252,1866-038X,2702-2471,1613-6004,2198-6975,1430-0761,2198-5146,2194-9905,0940-6158,1869-1706,0172-3391,0930-7907,0036-7893,0724-1615,2513-1419,0935-4905,0405-6779,0946-2961,2365-1083,2190-5932,0949-2186,2942-335X",Straßenverkehrsrecht
Studere,Stu,1867-6170,
Wertpapier-Mitteilungen (Zeitschrift für Wirtschafts- und Bankrecht),WM,"0931-4253,0509-0717,0342-6971,1867-9129,2199-6741,0945-9715,0173-1564","Amtsblatt des Bayerischen Staatsministeriums für Bildung und Kultus, Wissenschaft und Kunst"
Wirtschaftsprüfung ,WPg,"1863-9658,0340-9031,0172-7079",WP-Handbuch
Entscheidungsanmerkungen zum Wirtschafts- und Bankrecht,WuB,"2364-7310,1437-0344",
Wohnungswirtschaft und Mietrecht,WuM,"0509-0717,0173-1564",
ZD-Aktuell,ZD-A,,
Zeitschrift für Didaktik der Rechtswissenschaft,ZDRW,"2942-3570,2196-7261",
Zeitschrift für Europäische Rechtslinguistik,ZERL,2191-8074,
Zeitschrift für europäisches Privatrecht,ZEuP,0943-3929,
Zeitschrift für Erbrecht- und Vermögensnachfolge,ZEV,0945-4969,Zeitschrift für Erbrecht und Vermögensnachfolge
Zeitschrift für Deutsches und Internationales Bau- und Vergaberecht,ZfBR,"0947-9872,0170-0413",Zeitschrift für deutsches und internationales Baurecht
Zeitschrift für Medienwissenschaft,zfm,2364-2688,Zeitschrift für das Forderungsmanagement
Zeitschrift für Medizin-Ethik-Recht,ZfMER,2194-3761,
Zeitschrift für Umweltpolitik und Umweltrecht,ZfU,0931-0983,Zeitschrift für Umweltpolitik & Umweltrecht
Zeitschrift für geschichtliche Rechtswissenschaft,ZGRE,1611-8359,
Zeitschrift für die Gesamte Staatswissenschaft,ZgS,,
Zeitschrift für das gesamte Insolvenz- und Sanierungsrecht,ZInsO,2568-6380,
Zeitschrift für internationale Strafrechtsdogmatik,ZIS,1863-6470,
Zeitschrift für Landesverfassungsrecht und Landesverwaltungsrecht,ZLVR,"2511-3666,2509-4521",
"Risk, Fraud and Compliance",ZRFC,1867-8394,ZRFC
Zeitschrift für die Gesamte Strafrechtswissenschaft,ZStW,"1612-703X,0084-5310",Zeitschrift für die gesamte Strafrechtswissenschaft
Zeitschrift für Zivilprozess,ZZP,"0342-3468,2366-2077",
