journal,abbreviation
Agrar- und Umweltrecht,AUR
Aktuelles Steuerrecht,AktStR
Anwalt / Anwältin im Sozialrecht,ASR
Anwaltsblatt,AnwBl
Anwaltsnachrichten Ausländer- und Asylrecht,ANA-ZAR
Arbeit und Recht,AuR
Arbeitsrecht Aktuell,ArbR
Arbeitsrecht im Betrieb,AiB
Archiv des öffentlichen Rechts,AöR
Archiv des Völkerrechts,AVR
Archiv für die civilistische Praxis,AcP
Archiv für katholisches Kirchenrecht,AfkKR
Archiv für Presserecht,AfP
Archiv für Rechts- und Sozialphilosophie,ARSP
Archiv für Urheber- und Medienrecht,
Archiv für Medienrecht und Medienwissenschaft,UFITA
Arzneimittel & Recht,A&R
ArztRecht,ArztR
Außenwirtschaftliche Praxis,AW-Prax
Baurecht,BauR
Bayerische Verwaltungsblätter,BayVBl
Behindertenrecht,"Br, br"
Betreuungsrechtliche Praxis,BtPrax
Betriebs-Berater,BB
BRAK-Mitteilungen,"BRAK-Mitt, BRAK-Mitt."
Carbon & Climate Law Review,CCLR
Causa Sport,"CSR, Causa Sport"
Computer und Recht,CR
Corporate Compliance Zeitschrift,CCZ  [online]
Das Jugendamt,JAmt
Das Juristische Büro,JurBüro
Das Standesamt,StAZ
Datenschutz und Datensicherheit,DuD
Datenschutz-Berater,DSB
Der AO-Steuer-Berater,"AOStB, AO-StB"
Der Arbeits-Rechts-Berater,ArbRB
Der Betrieb,DB
Der Deutsche Rechtspfleger,Rpfleger
Der Erbschafts-Steuer-Berater,ErbStB
Der Ertrags-Steuer-Berater,ErtrStB
Der Familien-Rechts-Berater,FamRB
Der GmbH-Steuer-Berater,"GmbHStB, GmbH-StB"
Der IP-Rechts-Berater,IPRB
Der IT-Rechts-Berater,ITRB
Der Miet-Rechts-Berater,MietRB
Der Öffentliche Dienst,DÖD
Der Sachverständige,"DS, Sachverständige"
Der Staat,"STAAT, Staat, DS"
Der Umsatz-Steuer-Berater,"UStB, UstB"
Deutsch-Polnische Juristen-Zeitschrift,DPJZ
Deutsche Gerichtsvollzieher Zeitung,DGVZ
Deutsche Notar-Zeitschrift,DNotZ
Deutsche Richterzeitung,DRiZ
Deutsche Zeitschrift für Wirtschafts- und Insolvenzrecht,"DZWIR, DZWir"
Deutsches Autorecht,DAR
Deutsches Steuerrecht,DStR
Deutsches Verwaltungsblatt,"DVBl, DVBl."
Die Aktiengesellschaft,AG
Die Öffentliche Verwaltung,DÖV
Die Personalvertretung,PersV
Die Sozialgerichtsbarkeit,SGb
Die Unternehmensbesteuerung,Ubg
Die Verwaltung,"VERW, Verwaltung, DV"
Entscheidungen zum Wirtschaftsrecht,"EWiR, EWIR"
EU-Umsatz-Steuer-Berater,EUUStB
Europäische Grundrechte-Zeitschrift,EuGRZ
Europäische Zeitschrift für Arbeitsrecht,EuZA
Europäische Zeitschrift für Wirtschaftsrecht,EuZW
Europäisches Wirtschafts- und Steuerrecht,EWS
Europarecht,EuR
Fachanwalt Arbeitsrecht,FA
Familie und Recht,FuR
Familienrecht kompakt,"FamRK, FamR kompakt"
Familienrecht und Familienverfahrensrecht,FamFR
Finanz-Rundschau Ertragssteuerrecht,"FR, FR-Ertragssteuerrecht"
Forum Familienrecht,FF
Gesellschafts- und Wirtschaftsrecht,GWR
Gesundheit und Pflege,GuP
GesundheitsRecht,GesR
Gewerbearchiv,GewArch
Gewerblicher Rechtsschutz und Urheberrecht,GRUR
Gewerblicher Rechtsschutz und Urheberrecht - International,GRUR-Int
"Gewerblicher Rechtsschutz und Urheberrecht, Praxis im Immaterial- und Wettbewerbsrecht",GRUR-Prax
GmbH-Rundschau,GmbHR
Goltdammer's Archiv für Strafrecht,"GA, GoltdA"
Humboldt Forum Recht,HFR
Informationen zum Arbeitslosenrecht und Sozialhilferecht,info also
Informationsbrief Ausländerrecht,"InfAuslR, IAR"
InfrastrukturRecht,IR
Internationales Handelsrecht,IHR
Internationales Steuerrecht,"IStR, iStR"
Jahrbuch für Ostrecht,JOR
Jahrbuch für Recht und Ethik,JRE
"Journal für Kunstrecht, Urheberrecht und Kulturpolitik",KUR
Journal für Rechtspolitik,JRP
JuristenZeitung,JZ
Juristische Arbeitsblätter,JA
Juristische Ausbildung,JURA
Juristische Rundschau,JR
Juristische Schulung,JuS
Kirche und Recht,KuR
Kommunaljurist,KommJur
Kommunikation und Recht,K&R
Kriminalistik,Kriminalistik
Kritische Justiz,KJ
Kritische Vierteljahresschrift für Gesetzgebung und Rechtswissenschaft,KritV
"Landes- und Kommunalverwaltung für die Länder Berlin, Brandenburg, Sachsen, Sachsen-Anhalt, Thüringen",LKV
Lebensmittel und Recht,LMuR
Markenrecht,"MarkenR, markenr"
Medialex,ML
Medien und Recht International,MR-Int
"Medien, Internet und Recht",MIR
Medizinprodukterecht,MPR
Medizinrecht,MedR
Mehrwertsteuerrecht,MwStR
Monatsschrift für Deutsches Recht,MDR
Monatsschrift für Kriminologie und Strafrechtsreform,"MschrKrim, MKS"
MultiMedia und Recht,MMR
myops,myops
Natur und Recht,NuR
Netzwirtschaften und Recht,N&R
Neue Juristische Online Zeitschrift,NJOZ
Neue Juristische Wochenschrift,NJW
Neue Justiz,NJ
Neue Zeitschrift für Arbeitsrecht,NZA
Neue Zeitschrift für Baurecht und Vergaberecht,NZBau
Neue Zeitschrift für Familienrecht,NZFam
Neue Zeitschrift für Gesellschaftsrecht,NZG
Neue Zeitschrift für Insolvenz- und Sanierungsrecht,NZI
Neue Zeitschrift für Kartellrecht,NZKart
Neue Zeitschrift für Miet- und Wohnungsrecht,NZM
Neue Zeitschrift für Sozialrecht,NZS
Neue Zeitschrift für Strafrecht,NStZ
Neue Zeitschrift für Verkehrsrecht,NZV
Neue Zeitschrift für Verwaltungsrecht,NVwZ
Neue Zeitschrift für Wehrrecht,NZWehrr
"Neue Zeitschrift für Wirtschafts-, Steuer- und Unternehmensstrafrecht",NZWiSt
Newsletter der Deutsch-Amerikanischen Juristenvereinigung e.V.,DAJV Newsletter
Niedersächsische Verwaltungsblätter,NdsVBl
Non Profit Law Yearbook,NPLY
Nordrhein-Westfälische Verwaltungsblätter,NWVBl
Osteuropa-Recht,OER
Pflegerecht,"PflR, PR"
Pharma Recht,PharmR
Praxis der Rechtspsychologie,""
Praxis des Internationalen Privat- und Verfahrensrechts,"IPrax, IPRax"
Rabels Zeitschrift für ausländisches und internationales Privatrecht,RabelsZ
Recht & Psychiatrie,R&P
recht + schaden,r+s
Recht Automobil Wirtschaft,RAW
Recht der Arbeit,RdA
Recht der Datenverarbeitung,RDV
Recht der Energiewirtschaft,RdE
Recht der erneuerbaren Energien,"ree, REE"
Recht der Finanzinstrumente,RdFin
Recht der Internationalen Wirtschaft,RIW
Recht der Jugend und des Bildungswesens,RdJB
Recht der Landwirtschaft,RdL
Recht der Transportwirtschaft,RdTW
Recht Digital,RDi
Recht im Amt,RiA
Recht in Afrika,RiA
Recht und Politik,RuP
Recht und Politik im Gesundheitswesen,RPG
Recht und Zugang,RuZ
Rechtsmedizin,RechtsMed
Rechtsphilosophie,RphZ
Rechtstheorie,RT
Rechtswissenschaft,RW
ReiseRecht aktuell,RRa
Rheinische Notar-Zeitschrift,RNotZ
Richter ohne Robe,RohR
Sächsische Verwaltungsblätter,SächsVBl
SchiedsamtsZeitung,SchiedsAZ
Schnelldienst Ausländer- und Asylrecht,AuAS
Schulrecht,SchuR
Schulrecht heute,SchulR heute
Sozialrecht aktuell,SR
Sport und Recht,SpuRt
Steuer und Wirtschaft,StuW
Steuerrecht kurzgefasst,SteuK
Strafverteidiger,StV
Strafverteidiger-Forum,StraFo
Straßenverkehrsrecht,SVR
Studentische Zeitschrift für Rechtswissenschaft Heidelberg,StudZR
Thüringer Verwaltungsblätter,ThürVBl
Transportrecht,TranspR
Umsatzsteuer-Rundschau,UR
Umwelt und Planungsrecht,UPR
Verbraucher und Recht,VuR
Verbraucherinsolvenz aktuell,VIA
Verfassung und Recht in Übersee,VRÜ
Vergaberecht,VergabeR
Verkehrsrechts-Sammlung,VRS
Versicherungsrecht,VersR
Verwaltungsarchiv,"VerwA, VerwArch"
Verwaltungsblätter für Baden-Württemberg,VBlBW
Verwaltungsrundschau,"VR, vr"
Vierteljahresschrift für Sozialrecht,VSSR
Vollstreckung effektiv,Vollstr
Wettbewerb in Recht und Praxis,"WRP, wrp"
Wirtschaft und Recht in Osteuropa,WiRO
Wirtschaft und Wettbewerb,WuW
Wissenschaftsrecht,WissR
Zeitschrift Blutalkohol,Blutalkohol
Zeitschrift für Arbeitsrecht,"ZfA, ZFA"
Zeitschrift für Arbeitsrecht und Tarifpolitik in Kirche und Caritas,ZAT
Zeitschrift für Ausländerrecht und Ausländerpolitik,ZAR
Zeitschrift für ausländisches öffentliches Recht und Völkerrecht,ZaöRV
Zeitschrift für ausländisches und internationales Arbeits- und Sozialrecht,ZIAS
Zeitschrift für Bank- und Kapitalmarktrecht,BKR
Zeitschrift für Bankrecht und Bankwirtschaft,ZBB
Zeitschrift für Beamtenrecht,ZBR
Zeitschrift für Bergrecht,ZfB
Zeitschrift für chinesisches Recht,ZChinR
Zeitschrift für das Abfallrecht,AbfallR
Zeitschrift für das Fürsorgewesen,ZfF
Zeitschrift für das gesamte Familienrecht,FamRZ
Zeitschrift für das gesamte Genossenschaftswesen,ZfgG
Zeitschrift für das gesamte Handelsrecht und Wirtschaftsrecht,ZHR
Zeitschrift für das gesamte Lebensmittelrecht,ZLR
Zeitschrift für das gesamte Medizin- und Gesundheitsrecht,ZMGR
Zeitschrift für das gesamte Recht der Energiewirtschaft,EnWZ
"Zeitschrift für das gesamte Schuldrecht [bzw.Zeitschrift für Vertragsgestaltung, Schuld- und Haftungsrecht]",ZGS
Zeitschrift für das Gesamte Sicherheitsrecht,"GSZ, gsz"
Zeitschrift für das Juristische Studium,ZJS
Zeitschrift für das öffentliche Arbeits- und Tarifrecht,öAT
Zeitschrift für das Recht der Non Profit-Organisationen,npoR
Zeitschrift für das Stiftungs- und Vereinswesen,ZStV
Zeitschrift für Datenschutz,ZD
"Zeitschrift für Deutsches und Europäisches Wasser-, Abwasser- und Bodenschutzrecht",W+B
Zeitschrift für deutsches und internationales Bau- und Vergaberecht,ZfBR
Zeitschrift für die gesamte erbrechtliche Praxis,ErbR
Zeitschrift für die gesamte Privatrechtswissenschaft,ZfPW
Zeitschrift für die gesamte Strafrechtswissenschaft,"ZStW, ZStrW"
Zeitschrift für die notarielle Beratungs- und Beurkundungspraxis,NotBZ
Zeitschrift für die Steuer- und Erbrechtspraxis,ZErb
Zeitschrift für Digitalisierung und Recht,ZfDR
Zeitschrift für Energie- und Wettbewerbsrecht in der kommunalen Wirtschaft,EWeRK
Zeitschrift für Erbrecht und Vermögensnachfolge,ZEV
Zeitschrift für Europäisches Privatrecht,ZEuP
Zeitschrift für europäisches Sozial- und Arbeitsrecht,ZESAR
Zeitschrift für Europäisches Umwelt- und Planungsrecht,EurUP
Zeitschrift für Europarechtliche Studien,ZEuS
Zeitschrift für evangelisches Kirchenrecht,"ZevKR, ZevKr"
Zeitschrift für Familien- und Erbrecht,"ZFE, EF-Z"
Zeitschrift für Familienunternehmen und Stiftungen,FuS
Zeitschrift für geistiges Eigentum,ZGE
Zeitschrift für Gemeinschaftsprivatrecht,GPR
Zeitschrift für Gesetzgebung,ZG
Zeitschrift für Höchstrichterliche Rechtsprechung im Strafrecht,HRRS
Zeitschrift für Immissionsschutzrecht und Emissionshandel,I+E
Zeitschrift für Immobilienrecht,ZfIR
Zeitschrift für Insolvenzrecht,KTS
Zeitschrift für Internationale Rechnungslegung,IRZ
Zeitschrift für Internationale Strafrechtsdogmatik,ZIS
Zeitschrift für Internationales Wirtschaftsrecht,IWRZ
Zeitschrift für Internationales Wirtschaftsrecht,IWRZ
Zeitschrift für Japanisches Recht,ZJapanR
Zeitschrift für Kindschaftsrecht und Jugendhilfe,ZKJ
Zeitschrift für Luft- und Weltraumrecht,ZLW
Zeitschrift für Medizinstrafrecht,medstra
Zeitschrift für Miet- und Raumrecht,ZMR
Zeitschrift für neuere Rechtsgeschichte,ZNR
Zeitschrift für neues Energierecht,ZNER
Zeitschrift für Öffentliches Recht in Norddeutschland,NordÖR
Zeitschrift für Parlamentsfragen,ZParl
Zeitschrift für Personalvertretungsrecht,ZfPR
Zeitschrift für Rechtsgeschichte - Savigny-Zeitschrift,ZRG
Zeitschrift für Rechtspolitik,ZRP
Zeitschrift für Rechtssoziologie,"ZfRsoz, Zs. f. Rechtssoz."
Zeitschrift für Schadensrecht,zfs
Zeitschrift für Schiedsverfahren,SchiedsVZ
Zeitschrift für Sozialrecht in Deutschland und Europa,ZfSH/SGB
Zeitschrift für Stoffrecht,StoffR
Zeitschrift für Tarifrecht,ZTR
Zeitschrift für Umweltpolitik & Umweltrecht,ZfU
Zeitschrift für Umweltrecht,ZUR
Zeitschrift für Unternehmens- und Gesellschaftsrecht,ZGR
Zeitschrift für Urheber- und Medienrecht,ZUM
Zeitschrift für Verbraucher- und Privat-Insolvenzrecht,ZVI
Zeitschrift für Vergleichende Rechtswissenschaft,ZVR
Zeitschrift für Vertriebsrecht,ZVertriebsR
Zeitschrift für Wasserrecht,ZFW
Zeitschrift für Wett- und Glücksspielrecht,ZfWG
Zeitschrift für Wettbewerbsrecht,ZWeR
Zeitschrift für Wirtschafts- und Bankrecht,WM
Zeitschrift für Wirtschafts- und Steuerstrafrecht,"wistra, Wistra"
Zeitschrift für Wirtschaftsrecht,ZIP
Zeitschrift für Wirtschaftsstrafrecht und Haftung im Unternehmen,ZWH
Zeitschrift für Wohnungseigentumsrecht,ZWE
Zeitschrift für Zivilprozeß,ZZP
Zeitschrift für Zölle und Verbrauchsteuern,ZfZ
Zeitschrift zum Innovations- und Technikrecht,InTeR
AbfallR - Zeitschrift für das Recht der Abfallwirtschaft,AbfallR
Archiv für Sozialgeschichte,AfS
Anwaltsgebühren spezial,AGS
Aktuelle juristische Praxis,AJP
Ad Legendum,AL
Österreichisches Anwaltsblatt,AnwBl
Mitteilungen der APBB,APBB-Mitt.
apf - Ausbildung-Prüfung-Fortbildung,apf
Apotheke & Recht,APR
Aus Politik und Zeitgeschichte,APuZ
Archiv für Kriminologie,ArchKrim
Austrian review of international and European law,ARIEL
Arztrecht,ArztR
ASDA-Bulletin : Schweizer Fachzeitschrift für Luft- und Weltraumrecht,ASDA-Bulletin
"Anwalt, Anwältin im Sozialrecht",ASR
Arbeit und Arbeitsrecht,AuA
Ausländer- und Asylrecht Schnelldienst,AuAS
Aufsichtsrat,Aufsichtsrat
Der Arzt und sein Recht,AusR
Betriebs-Berater / Außenwirtschaftsdienst,AWD
AWR-Bulletin : Vierteljahresschrift für Flüchtlingsfragen,AWR-Bulletin
Die Bank,Bank
Bank-Archiv,BankArch
Der Bausachverständige,Bausachverständige
Bayerischer Gemeindetag,BayGT
Bundesbaublatt,BBB
Berliner Anwaltsblatt,BerlAnwBl
Betriebliche Altersversorgung,BetrAV
Betrifft: Justiz,Betrifft Justiz
Bewertungs-Praktiker Fachinformationen zu Bewertungsfragen,BewertungsPraktiker
Bewährungshilfe,BewHi
BFH/NV Sammlung der Entscheidungen des Bundesfinanzhofs,BFH/NV
Die Berufsgenossenschaft,BG
Basler juristische Mitteilungen,BJM
Die Betriebskrankenkasse,BKK
Blätter für deutsche und internationale Politik,Blätter
Bucerius Law Journal,BLJ
"Blatt für Patentwesen, Muster- u. Zeichenwesen",BlPMZ
Blutalkohol,Blutalkohol
Zeitschrift für betriebliche Prävention und Unfallversicherung,BPUVZ
Bundesgesundheitsblatt – Gesundheitsforschung – Gesundheitsschutz,Bundesgesundheitsbl
Zeitschrift für das Notariat in Baden-Württemberg,BWNotZ
Corporate-Compliance-Zeitschrift,CCZ
Corporate Finance law,CFL
Computer Law Review International,CRi
Contracting und Recht,CuR
DAJV-Newsletter,DAJV-Newsletter
Datenschutz-Nachrichten,DANA
Deutsche Polizei,Deutsche Polizei
Deutsche Gerichtsvollzieher-Zeitung,DGVZ
Zeitschrift des Deutschen Juristinnenbundes,djbZ
Deutsche Lebensmittelrundschau,DLR
DNotI-Report,DNotI-Report
Der öffentliche Dienst,DöD
Die öffentliche Verwaltung,DÖV
Deutsch-polnische Juristen-Zeitschrift,DPJZ
Deutsche Rentenversicherung,DRV
Deutsche Steuer-Zeitung,DStZ
Deutsches Ärzteblatt,Dtsch Ärztebl
Deutsche Verwaltungspraxis,DVP
Der Wohnungseigentümer,DWE
Deutsche Wohnungswirtschaft,DWW
European company and financial law review,ECFR
European Criminal Law Review,ECLR
Entscheidungen der Finanzgerichte,EFG
European Law Reporter,ELR
Evangelischer Pressedienst Medien,epd medien
Energierecht. Zeitschrift für die gesamte Energierechtspraxis,ER
Der Erbschaft-Steuerberater,ErbStB
Der Ertrag-Steuer-Berater,EStB
Energiewirtschaftliche Tagesfragen,et
EU-Umsatz Steuer-Berater,EU-UStB
Zeitschrift für Europarecht,EuZ
Zeitschrift des Instituts für Energie- und Wettbewerbsrecht in der Kommunalen Wirtschaft e.V.,EWeRK
FinanzArchiv,FA
Der Familien-Rechtsberater,FamRB
FamRB international,FamRB international
Frankfurter Allgemeine Zeitung,FAZ
Praxis der Freiwilligen Gerichtsbarkeit,FGPrax
"Finanzierung, Leasing, Factoring",FLF
Forum Recht,FoR
Forderungs-Praktiker,Forderungs-Praktiker
Forum Kriminalprävention,Forum Kriminalpräv.
Zeitschrift für Strafvollzug u. Straffälligenhilfe,Forum Strafvollzug
Forderung & Vollstreckung,FoVo
"Familie, Partnerschaft, Recht",FPR
Forum Strafvollzug,FS
Die Gemeinde [Baden-Württemberg],Gemeinde [BW]
Die Gemeinde [Schleswig-Holstein],Gemeinde [SH]
der gemeindehaushalt,gemeindehaushalt
Geschichte und Gesellschaft,Geschichte und Gesellschaft
Gesundheitsrecht,GesR
Der Gesellschafter,GesRZ
German law journal,GLJ
GmbH-Steuerpraxis,GmbH-Steuerpraxis
Göttingen journal of international law,GoJIL
Greifswalder Halbjahresschrift für Rechtswissenschaft,GreifRecht
Das Grundeigentum,Grundeigentum
Gewerblicher Rechtsschutz und Urheberrecht. Internationaler Teil,GRUR Int
Gewerblicher Rechtsschutz und Urheberrecht. Praxis im Immaterialgüter- und Wettbewerbsrecht,GRUR-Prax
Gewerblicher Rechtsschutz und Urheberrecht. Rechtsprechungs-Report,GRUR-RR
Grundstücksmarkt und Grundstückswert,GuG
Gesundheits- und Sozialpolitik,GuS
Gewerbemiete und Teileigentum,GuT
German yearbook of international law,GYIL
Das Hauseigentum,Hauseigentum
Hoechstrichterliche Finanzrechtsprechung,HFR
Herder-Korrespondenz,HK
Hamburger Zeitschrift für Schiffahrtsrecht,HmbSchRZ
Hamburger Zeitschrift für Schiffahrtsrecht - International,HmbSchRZ-Int
HöchstRichterliche Rechtsprechung im Strafrecht,HRRS
Hessische Städte- und Gemeindezeitung,HSGZ
Humanitäres Völkerrecht,HuV
Humanitäres Völkerrecht - Informationsschriften,HuV-I
Historische Zeitschrift,HZ
Immobilien- & Baurecht,IBR
Immobilien- und Baurecht,ibr
Vienna journal on international constitutional law,ICL-Journal
International review of intellectual property and competition law,IIC
International insolvency law review,IILR
Zeitschrift zum Immobilien-Steuerrecht,ImmoStR
Immobilien- und Mietrecht,imr
Info / Schleswig-Holsteinischer Richterverband,info
Zeitschrift für Insolvenzverwaltung und Sanierungsberatung,InsVZ
Zeitschrift für Innovations- und Technikrecht,InTeR
Informationsdienst Öffentliches Dienstrecht,IÖD
Ip competence,Ip competence
IP-Rechtsberater,IPRB
"InfrastrukturRecht : Energie, Verkehr, Abfall, Wasser",IR
Zeitschrift für internationale Rechnungslegung,IRZ
Internationale Steuer-Rundschau. Zeitschrift für internationales Steuerrecht,ISR
IWB - Internationales Steuer- und Wirtschaftsrecht,IWB
NWB - Internationales Steuer- und Wirtschaftsrecht,IWB
JahrbuchSchweizerische Gesellschaft für Haftpflicht und Versicherungsrecht,Jahrbuch SGHVR
Jahresheft / Internationale Juristenvereinigung Osnabrück,Jahresheft IJVO
Jahrbuch Extremismus & Demokratie,Jb Extremismus&Demokratie
Jahrbuch für direkte Demokratie,Jb. f. direkte Demokratie
Jahrbuch des Arbeitsrechts,JbArbR
Jahrbuch des Föderalismus,JbFöderalismus
Jahrbuch für Italienisches Recht,JbItalienR
Juristische Blätter,JBl
Jahrbuch für öffentliche Finanzen,JböffFin
Jahrbuch Öffentliche Sicherheit,JBÖS
Jahrbuch des Sozialrechts,JbSR
Jahrbuch des Umwelt- und Technikrechts,JbUTR
Journal of European integration history,JEIH
"Journal of intellectual property, information technology and electronic commerce law",JIPITEC
Journal of Institutional and Theoretical Economics,JITE
Jahrbuch der Juristischen Zeitgeschichte,JJZG
Juris: die Monatszeitschrift,jM
Journal der juristischen Zeitgeschichte,JoJZG
Jahrbuch des öffentlichen Rechts der Gegenwart,JöR
Das juristische Büro,"JurBüro, JB"
JurPC - Internet-Zeitschrift für Rechtsinformatik und Informationsrecht,JurPC
Juristenzeitung,JZ
Kommunikation & Recht,K&R
Mitteilungen. Rechtsanwaltskammer Köln,KammerForum
KammerMitteilungen : Informationen und offizielle Verlautbarungen der Rechtsanwaltskammer Düsseld,KammerMitteilungen
Kfz-Anwalt : die Fachzeitschrift für alle Rechtsfragen im Automobilgewerbe,Kfz-Anwalt
Kommunal-Kassenzeitschrift,KKZ
KommunalPraxis spezial,KommP spezial
KommunalPraxis Wahlen,KommP Wahlen
Der Konzern,"Konzern, DK"
Zeitschrift für kapitalmarktorientierte Rechnungslegung,KoR
Kölner Steuerdialog,Kösdi
Zeitschrift für das gesamte Kreditwesen,Kreditwesen
Der Kriminalist,Kriminalist
Kriminologisches Journal,KrimJ
Kriminalpädagogische Praxis,KrimPäd
Kritische Vierteljahresschrift für Gesetzgebung und Rechtsprechung,KritV
"Krisen-, Sanierungs- und Insolvenzberatung",KSI
Kommunale Steuer-Zeitschrift,KStZ
Kölner Schrift zum Wirtschaftsrecht,KSzW
Kunst und Recht,KUR
Der Landkreis,Landkreis
LeGes : Gesetzgebung & Evaluation; Mitteilungsblatt der Schweizerischen Gesellschaft für Gesetzgeb,LeGes
Liechtensteinische Juristenzeitung,LJZ
"LKRZ : Zeitschrift für Landes- und Kommunalrecht Hessen, Rheinland-Pfalz, Saarland",LKRZ
Landes- und Kommunalverwaltung,LKV
Lebensmittel & Recht,LMuR
Medien & Recht,M & R
"Zeitschrift für deutsches, europäisches und internationales Markenrecht",MarkenR
Der medizinische Sachverständige,MedSach
Mitteilungen des Hamburgischen Richtervereins,MHR
Mieter-Magazin,Mieter-Magazin
Mitteilungen des Instituts für Deutsches und Internationales Parteienrecht und Parteienforschung,MIP
Mitteilungen der Deutschen Patentanwälte,"Mitt., MittDtPatA"
Mitteilungen des Landesverbandes Hessen / Deutscher Richterbund,Mitt.LV Hessen DRB
"Mitteilungen des Bayerischen Notarvereins, der Notarkasse und der Landesnotarkammer Bayern",MittBayNot
Mietrecht kompakt,MK
Multimedia und Recht,MMR
Medizinprodukte-Journal,MPJ
MedizinProdukte-Recht : MPR,MPR
Mietwagen Rechtswissen,MRW
Mehrwertsteuersteuerrecht. Zeitschrift für das gesamte Mehrwertsteuersteuerrecht,MwStR
myops. Berichte aus der Welt des Rechts,myops
Nachrichtendienst des Deutschen Vereins für öffentliche und private Fürsorge,NDV
"Neue Gesellschaft, Frankfurter Hefte",NG/FH
Neue juristische Online-Zeitschrift,NJOZ
Neue Kriminalpolitik,NK
Neue Landwirtschaft - Briefe zum Agrarrecht,NL-BzAR
Zeitschrift für öffentliches Recht in Norddeutschland,NordÖR
Notar,Notar
Zeitschrift für das Recht der Non-Profit-Organisationen,npoR
NRÜ - Nomos-Rechtsprechungsübersicht,NRÜ
NStZ-Rechtsprechungs-Report Strafrecht,NStZ-RR
NWB - Steuer- und Wirtschaftsrecht,NWB
Österreichische Notariatszeitung,NZ
NZA-Rechtsprechungs-Report Arbeitsrecht,NZA-RR
Neue Zeitschrift für das Recht der Insolvenz und Sanierung,NZI
Österreichisches Archiv für Recht und Religion,öarr
öAT - Zeitschrift für das öffentliche Arbeits- und Tarifrecht,öAT
Österreichische Blätter für gewerblichen Rechtsschutz und Urheberrecht,Öbl
Österreichische Juristen-Zeitung,ÖJZ
Österreichische Steuerzeitung,ÖStZ
Österreichische Zeitschrift für Kartellrecht,ÖZK
Österreichische Zeitschrift für Soziologie,ÖZS
Onlinezeitschrift für Suchtstoffrecht,OzSR
Österreichische Zeitschrift für Wirtschaftsrecht,ÖZW
Der Personalrat,Personalrat
PflegeRecht,PflR
Pharma-Recht,PharmR
PHi: Produkt- und Umwelthaftpflicht international,PHi
Privacy in Germany,PinG
Praxis internationale Steuerberatung,PIStB
Pflege- & Krankenhausrecht,PKR
Plädoyer,Plädoyer
Die Polizei,Polizei
Patienten- & Pflegerecht mit Qualitätsmanagement,PPRQ
Praxis Steuerstrafrecht,PStR
Politische Vierteljahresschrift,PVS
Recht und Schaden,"r + s, r+s"
Recht und Steuern im Gas- und Wasserfach,R + S
"Recht, Bibliothek, Dokumentation",RBD
Rechtder Transportwirtschaft,RdTW
Österreichisches Recht der Wirtschaft,RdW
Rechtskultur. Zeitschrift für europäische Rechtsgeschichte,Rechtskultur
Rescriptum. Münchner studentische Rechtszeitschrift,Rescriptum
Rechtsgeschichte,Rg
Das Recht im Amt,RiA
Recht der internationalen Wirtschaft,RIW
Rechtspflegerblatt,RpflBl
Rpfleger,Rpfleger
Reise-Recht aktuell,Rra
RVGreport,RVGreport
Österreichische Richterzeitung,RZ
Sammlung arbeitsrechtlicher Entscheidungen,SAE
Schiedsamtszeitung,SchAZtg
Schleswig-Holsteinische Anzeigen / A,SchlHA
Schweizerisches Jahrbuch für Europarecht,SchweizJahrbEuropaR
Sozialgerichtsbarkeit,SGb
Sic!,Sic!
Schweizerisches Jahrbuch für Kirchenrecht,SJKR
Schweizerische Juristenzeitung,SJZ
Soziale Sicherheit,SoSi
Sozialrecht + Praxis,""
Schaden-Praxis,SP
SpuRt. Sport und Recht,SpuRt
Soziales Recht,SR
Der Steuerberater,StB
Die Steuerberatung,Stbg
Steuerberater-Jahrbuch,StbJb
Die steuerliche Betriebsprüfung,StBp
SteuerConsultant,StC
Steuern der Energiewirtschaft : StE,StE
Steuer-Eildienst : StEd,StEd
Steueranwaltsmagazin,""
Steuer + Studium,SteuerStud
Streit,Streit
StrafRechtsReport,StRR
StuB - Unternehmenssteuern und Bilanzen,StuB
Die Steuer-Warte,StW
Steuer-Telex,StX
Südosteuropa-Mitteilungen,Südosteuropa-Mitt
Straßenverkehrsrecht. Zs für die Praxis des Verkehrsjuristen,SVR
Schweizerische Zeitschrift für internationales und europäisches Recht,SZIER
Schweizerische Zeitschrift für Wirtschafts- und Finanzmarktrecht,SZW
"Archiv für Urheber-,Film-,Funk- und Theaterrecht",UFITA
Umwelt- und Planungsrecht,UPR
Umsatzsteuer- und Verkehrssteuer-Recht,UVR
Verkehrsrecht aktuell,VA
Verkehrsdienst,VD
Mitteilungen / Vereinigung für Deutsch-Russisches Wirtschaftsrecht,VDRW-Mitteilungen
Der Verkehrsanwalt,VerkA
Der Verkehrsjurist,Verkehrsjurist
Verkehrsrechtliche Mitteilungen,VerkMitt
Versicherungspraxis,VersPrax
Versicherungsrecht / Beilage Ausland,VersRAI
Vierteljahrshefte für Zeitgeschichte,VfZ
Versicherung und Recht kompakt,VK
Verkehrsunfall und Fahrzeugtechnik,VKU
Verwaltung & Management,VM
Der Vollzugsdienst,VollzD
Rundbrief VPP,VPP-Rundbrief
Verkehrsrechtsreport,VRR
Wirtschaftsrechtliche Blätter,wbl
Wertermittlungsforum,WF
Wistra. Zeitschrift für Wirtschafts- und Steuerstrafrecht,Wistra
Wirtschaft und Verwaltung,WiVerw
Wertpapier-Mitteilungen Teil IV,WM / 4
Die Wirtschaftsprüfung,WPg
WSI Mitteilungen,WSI Mitt.
Wohnungswirtschaft & Mietrecht,WuM
Wussow-Informationen zum Versicherungs- und Haftpflichtrecht,Wussow-Informationen
Wege zur Sozialversicherung,WzS
Zeitschrift für die Anwaltspraxis,ZAP
Zeitschrift für altoriental. und biblische Rechtsgeschichte,ZAR
Schweizerisches Zentralblatt für Staats- und Verwaltungsrecht,ZB
Zeitschrift des Bernischen Juristenvereins,ZBJV
Zeitschrift für Bildungsverwaltung,ZBV
Zeitschrift für Corporate Governance,ZCG
Zeitschrift für deutsches und amerikanisches Recht,ZDAR
Zeitschrift für evangelische Ethik,ZEE
Zeitschrift für europarechtliche Studien,ZEuS
Zeitschrift für Bibliothekswesen und Bibliographie,ZfBB
Zeitschrift für Lebensrecht,ZfL
Zeitschrift für Menschenrechte,zfmr
Zeitschrift für Politik,ZfP
"Zeitschrift für Europarecht, internationales Privatrecht und Rechtsvergleichung",ZfRV
Zeitschrift für Soziologie,ZfS
ZfSH/SGB Sozialrecht in Deutschland und Europa,ZfSH/SGB
Zeitschrift für Versicherungswesen,ZfV
Zeitschrift für Verwaltung,ZfV
Zeitschrift für Zölle und Verbrauchssteuern,ZfZ
Zeitschrift für Unternehmens- u.Gesellschaftsrecht,ZGR
Zeitschrift für das gesamte Schuldrecht,ZGS
Zeitschrift für das gesamte Handels- und Wirtschaftsrecht,ZHR
Zeitschrift für das gesamte Insolvenzrecht,ZInsO
Zeitschrift für Jugendkriminalrecht und Jugendhilfe,ZJJ
Zeitschrift für das juristische Studium,ZJS
Zeitschrift für Kommunalfinanzen,ZKF
Zeitschrift für Konfliktmanagement,ZKM
Die Mitarbeitervertretung,ZMV
Zeitschrift für Neues Energierecht,ZNER
Zeitschrift für die Notarpraxis,ZNotP
Zeitschrift für öffentliche und gemeinwirtschaftliche Unternehmen,ZögU
Zeitschrift für öffentliches Recht,ZöR
Zeitschrift für offene Vermögensfragen,ZOV
Zeitschrift für Politikwissenschaft,ZPol
Zeitschrift der Savigny-Stiftung …German.Abt.,ZRG
Zeitschrift der Savigny-Stiftung …Kanon.Abt.,ZRG
Zeitschrift der Savigny-Stiftung …Roman.Abt.,ZRG
Zeitschrift für Rechtsphilosophie,ZRph
Zeitschrift für Staats- und Europawissenschaften,ZSE
Zeitschrift für schweizerisches Recht,ZSR
Zeitschrift für Sozialreform,ZSR
Zeitschrift für Steuern & Recht,ZSteu
Schweizerische Zeitschrift für Strafrecht,ZStrR
Zeitschrift für Stiftungs- und Vereinswesen,ZStV
"Zeitschrift für Tarif-, Arbeits- und Sozialrecht",ZTR
Zur Debatte : Themen der Katholischen Akademie in Bayern,Zur Debatte
Zeitschrift der unabhängigen Verwaltungssenate,ZUV
Zeitschrift der Verwaltungsgerichtsbarkeit,ZVG
Zeitschrift für vergleichende Rechtswissenschaft,ZVglRWiss
Zeitschrift für Verkehrsrecht,ZVR
Zeitschrift für Zivilprozess International,ZZPInt
Archiv für civilistische Praxis,AcP
Arbeitsrechtliche Praxis,AP
Der Aufsichtsrat,AR
Der Arbeitsrechtsberater,ArbRB
Betriebsberater,BB
"Zeitschrift für Bilanzierung, Rechnungswesen und Controlling",BC
Becklink,Becklink
Entscheidungen des Bundesfinanzhofs,BFHE
NWB Rechnungswesen,BKK
Betriebsrat und Recht,BRuR
Entscheidungen des Bundesverfassungsgerichts,BVerfGE
Compliance Berater,CB
COVID-19 und Recht,COVuR
Computer Law Review International ,CRi
Computer und Arbeit,CuA
Datenschutz Nachrichten,DANA
Diversity in Recht & Wirtschaft,DivRuW
Deutsche Juristen-Zeitung,DJZ
European Data Protection Law Review,EDPL
European Review of Contract Law,ERCL
Europäische GRUNDRECHTE-Zeitschrift,EuGRZ
Familienrecht Kompakt,FK
Forderungsmanagement professionell,FMP
Finanz-Rundschau,FR
Freilaw,Freilaw
Göttingen Journal of International Law,GoJIL
Zeitschrift für das Privatrecht der Europäischen Union ,GPR
GRUR Internationaler Teil,GRUR Int.
GRUR Praxis,GRUR-Prax
GRUR-Rechtsprechungs-Report,GRUR-RR
Zeitschrift für das gesamte Verfahrensrecht,GVRZ
German Yearbook of International Law,GYIL
Heidelberg Journal of International Law,HJIL
Hamburger Rechtsnotizen,HRN
Höchstrichterliche Rechtsprechung zum Strafrecht,HRRS
Praxis des internationalen Privat- und Verfahrensrechts,IPRax
IP-Rechts-Berater,IPRB
iurratio - Das Jura Journal,iurratio
Internationales Steuer- und Wirtschaftsrecht,IWB
Journal of Banking Law and Banking,JBB
"Journal of Intellectual Property, Information Technology and E-Commerce Law",JIPITEC
International Journal of Language & Law,JLL
juris – Die Monatszeitschrift,jM
Jura Studium & Examen,JSE
JurPC,JurPC
Junge Wissenschaft im öffentlichen Recht,JuWiss
Jahrbuch des öffentlichen Rechts der Gegenwart. Neue Folge,JöR
"Kunst und Recht: Journal für Kunstrecht, Urheberrecht und Kulturpolitik",KuR
Life & Law,L&L
Lindenmaier-Möhring,LMK
Marburg Law Review,Marburg Law Review
Monatsschrift für deutsches Recht,MDR
Mitteilungen des Instituts für Parteienrecht und Parteienforschung,MIP
Medizin Produkte Recht,MPR
Max Planck Yearbook of United Nations Law,MPYUNL
Mietrechts-Berater,MRB
MenschenRechtsMagazin,MRM
Netzwirtschaften & Recht,N&R
Neue Juristische Online-Zeitschrift,NJOZ
NJW-Rechtsprechungs-Report Zivilrecht,NJW-RR
NVwZ-Extra,NVwZ-Extra
NVwZ-Rechtsprechungsreport,NVwZ-RR
NWB Steuer- und Wirtschaftsrecht,NWB
NZFam,NZFam
Ordnung der Wissenschaft,OdW
Osteuropa Recht,OER
Personalvertretung,PersV
Recht der Zahlungsdienste,RdZ
Recht der Erneuerbaren Energien,REE
Rescriptum,Res
Rechtsgeschichte - Legal History,Rg
Entscheidungen des Reichsgerichts in Strafsachen,RGSt
Rechtswissenschaft - Zeitschrift für rechtswissenschaftliche Forschung,RW
Rechtsprechungsübersicht,RÜ
Rechtsprechungsübersicht 2,RÜ2
Zeitschrift der Savigny-Stiftung für Rechtsgeschichte,Savigny
Soziale Sicherheit - Zeitschrift für Arbeit und Soziales,SoSi
Streit - Feministische Rechtszeitschrift,Str
Studere,Stu
Wertpapier-Mitteilungen (Zeitschrift für Wirtschafts- und Bankrecht),WM
Wirtschaftsprüfung ,WPg
Entscheidungsanmerkungen zum Wirtschafts- und Bankrecht,WuB
Wohnungswirtschaft und Mietrecht,WuM
ZD-Aktuell,ZD-A
Zeitschrift für Didaktik der Rechtswissenschaft,ZDRW
Zeitschrift für Europäische Rechtslinguistik,ZERL
Zeitschrift für europäisches Privatrecht,ZEuP
Zeitschrift für Erbrecht- und Vermögensnachfolge,ZEV
Zeitschrift für Deutsches und Internationales Bau- und Vergaberecht,ZfBR
Zeitschrift für Medienwissenschaft,zfm
Zeitschrift für Medizin-Ethik-Recht,ZfMER
Zeitschrift für Umweltpolitik und Umweltrecht,ZfU
Zeitschrift für geschichtliche Rechtswissenschaft,ZGRE
Zeitschrift für die Gesamte Staatswissenschaft,ZgS
Zeitschrift für das gesamte Insolvenz- und Sanierungsrecht,ZInsO
Zeitschrift für internationale Strafrechtsdogmatik,ZIS
Zeitschrift für Landesverfassungsrecht und Landesverwaltungsrecht,ZLVR
"Risk, Fraud and Compliance",ZRFC
Zeitschrift für die Gesamte Strafrechtswissenschaft,ZStW
Zeitschrift für Zivilprozess,ZZP
